{"v":"5.9.0","fr":60,"ip":0,"op":180,"w":1500,"h":1500,"nm":"Main_COMP","ddd":0,"assets":[{"id":"comp_0","nm":"Women_COMP","fr":60,"layers":[{"ddd":0,"ind":1,"ty":3,"nm":"Null 1","sr":1,"ks":{"o":{"a":0,"k":0,"ix":11},"r":{"a":0,"k":0,"ix":10},"p":{"a":1,"k":[{"i":{"x":0,"y":1},"o":{"x":0,"y":0},"t":0,"s":[445.279,904.317,0],"to":[13.333,0,0],"ti":[-13.333,0,0]},{"t":48,"s":[525.279,904.317,0]}],"ix":2,"l":2},"a":{"a":0,"k":[50,50,0],"ix":1,"l":2},"s":{"a":0,"k":[296,296,100],"ix":6,"l":2}},"ao":0,"ip":0,"op":900,"st":0,"bm":0},{"ddd":0,"ind":2,"ty":4,"nm":"Palm_R Outlines","parent":3,"sr":1,"ks":{"o":{"a":0,"k":100,"ix":11},"r":{"a":1,"k":[{"i":{"x":[0.667],"y":[1]},"o":{"x":[0.333],"y":[0]},"t":0,"s":[1.851]},{"i":{"x":[0.667],"y":[1]},"o":{"x":[0.333],"y":[0]},"t":33,"s":[-3.386]},{"i":{"x":[0.842],"y":[1]},"o":{"x":[0.188],"y":[0]},"t":56,"s":[0]},{"t":90,"s":[0]}],"ix":10},"p":{"a":0,"k":[221.828,33.677,0],"ix":2,"l":2},"a":{"a":0,"k":[36.044,55.064,0],"ix":1,"l":2},"s":{"a":0,"k":[100,100,100],"ix":6,"l":2}},"ao":0,"shapes":[{"ty":"gr","it":[{"ind":0,"ty":"sh","ix":1,"ks":{"a":0,"k":{"i":[[-7.638,5.387],[0,0],[-2.761,1.711],[0,0],[0,0],[0.311,-0.596],[-1.072,0.48],[0,0],[-3.587,-0.988],[5.86,-11.762],[1.914,-1.271],[0,0],[0,0],[0,0],[-1.046,-0.787],[1.332,-2.432],[0,0],[2.652,-4.104],[0,0],[2.491,-3.308],[13.281,-0.128],[0,0],[3.955,11.654]],"o":[[0,0],[0,0],[5.779,-3.58],[0,0],[0,0],[0,0],[2.653,-1.186],[0,0],[3.012,0.831],[-2.163,4.343],[0,0],[0,0],[0,0],[1.639,-0.772],[1.441,1.084],[-2.357,4.303],[0,0],[-2.651,4.105],[0,0],[-2.491,3.308],[-5.503,0.052],[0,0],[-1.498,-4.615]],"v":[[-37.303,-3.401],[-22.068,-13.601],[-9.062,-33.613],[8.391,-41.894],[4.801,-32.643],[2.903,-27.903],[1.527,-22.052],[21.861,-27.559],[43.554,-42.188],[48.39,-29.307],[29.101,-9.408],[21.831,-10.993],[27.915,-10.759],[48.39,-29.307],[55.863,-28.908],[58.16,-22.956],[48.714,-10.273],[51.98,-1.096],[41.725,15.228],[37.727,21.427],[-1.926,34.799],[-18.424,32.681],[-40.146,18.514]],"c":true},"ix":2},"nm":"Path 1","mn":"ADBE Vector Shape - Group","hd":false},{"ty":"fl","c":{"a":0,"k":[0.882000014361,0.663000009574,0.541000007181,1],"ix":4},"o":{"a":0,"k":100,"ix":5},"r":1,"bm":0,"nm":"Fill 1","mn":"ADBE Vector Graphic - Fill","hd":false},{"ty":"tr","p":{"a":0,"k":[59.742,43.426],"ix":2},"a":{"a":0,"k":[0,0],"ix":1},"s":{"a":0,"k":[100,100],"ix":3},"r":{"a":0,"k":0,"ix":6},"o":{"a":0,"k":100,"ix":7},"sk":{"a":0,"k":0,"ix":4},"sa":{"a":0,"k":0,"ix":5},"nm":"Transform"}],"nm":"Group 1","np":2,"cix":2,"bm":0,"ix":1,"mn":"ADBE Vector Group","hd":false}],"ip":0,"op":900,"st":0,"bm":0},{"ddd":0,"ind":3,"ty":4,"nm":"Hand_R Outlines","parent":4,"sr":1,"ks":{"o":{"a":0,"k":100,"ix":11},"r":{"a":1,"k":[{"i":{"x":[0.667],"y":[1]},"o":{"x":[0.333],"y":[0]},"t":0,"s":[0]},{"i":{"x":[0.667],"y":[1]},"o":{"x":[0.333],"y":[0]},"t":31,"s":[-1.325]},{"i":{"x":[0.833],"y":[1]},"o":{"x":[0.167],"y":[0]},"t":52,"s":[5.515]},{"t":74,"s":[0]}],"ix":10},"p":{"a":0,"k":[48.245,271.707,0],"ix":2,"l":2},"a":{"a":0,"k":[29.084,157.446,0],"ix":1,"l":2},"s":{"a":0,"k":[100,100,100],"ix":6,"l":2}},"ao":0,"shapes":[{"ty":"gr","it":[{"ind":0,"ty":"sh","ix":1,"ks":{"a":0,"k":{"i":[[0.687,2.249],[14.774,-6.705],[15.436,-6.338],[30.827,-34.444],[3.662,-7.834],[-0.55,-6.638],[-5.772,-3.221],[-14.465,5.037],[-12.497,8.857],[-20.799,18.132],[-11.686,7.51],[-6.721,2.832],[-3.21,6.328]],"o":[[-10.737,-35.114],[-15.169,6.884],[-41.285,16.951],[-5.764,6.439],[-2.774,5.934],[0.547,6.588],[13.375,7.465],[14.465,-5.037],[22.575,-16],[10.46,-9.118],[6.117,-3.932],[5.933,-2.5],[1.028,-2.026]],"v":[[118.29,-57.082],[70.37,-63.265],[26.01,-40.366],[-93.357,23.716],[-107.643,45.18],[-118.785,68.801],[-108.662,84.731],[-51.167,76.517],[-11.493,53.653],[51.32,-0.26],[84.307,-25.618],[103.519,-36.596],[118.307,-48.249]],"c":true},"ix":2},"nm":"Path 1","mn":"ADBE Vector Shape - Group","hd":false},{"ty":"fl","c":{"a":0,"k":[0.882000014361,0.663000009574,0.541000007181,1],"ix":4},"o":{"a":0,"k":100,"ix":5},"r":1,"bm":0,"nm":"Fill 1","mn":"ADBE Vector Graphic - Fill","hd":false},{"ty":"tr","p":{"a":0,"k":[119.584,92.446],"ix":2},"a":{"a":0,"k":[0,0],"ix":1},"s":{"a":0,"k":[100,100],"ix":3},"r":{"a":0,"k":0,"ix":6},"o":{"a":0,"k":100,"ix":7},"sk":{"a":0,"k":0,"ix":4},"sa":{"a":0,"k":0,"ix":5},"nm":"Transform"}],"nm":"Group 1","np":2,"cix":2,"bm":0,"ix":1,"mn":"ADBE Vector Group","hd":false}],"ip":0,"op":900,"st":0,"bm":0},{"ddd":0,"ind":4,"ty":4,"nm":"Shoulder_R Outlines","parent":12,"sr":1,"ks":{"o":{"a":0,"k":100,"ix":11},"r":{"a":0,"k":0,"ix":10},"p":{"a":0,"k":[30.656,114.69,0],"ix":2,"l":2},"a":{"a":0,"k":[54.018,34.629,0],"ix":1,"l":2},"s":{"a":0,"k":[100,100,100],"ix":6,"l":2}},"ao":0,"shapes":[{"ty":"gr","it":[{"ind":0,"ty":"sh","ix":1,"ks":{"a":0,"k":{"i":[[2.04,-1.495],[3.251,-14.207],[1.69,-36.368],[-25.768,-23.537],[-4.562,19.311],[-4.521,42.493],[13.843,17.308],[13.059,-5.051]],"o":[[-12.493,9.152],[-8.122,35.492],[-1.395,30.015],[34.256,31.289],[9.84,-41.655],[2.237,-21.028],[-8.744,-10.933],[-2.45,0.947]],"v":[[-7.395,-148.386],[-28.375,-106.71],[-43.116,1.368],[-25.492,125.839],[29.788,49.553],[49.023,-77.171],[36.542,-139.621],[-0.671,-152.077]],"c":true},"ix":2},"nm":"Path 1","mn":"ADBE Vector Shape - Group","hd":false},{"ty":"fl","c":{"a":0,"k":[0.910000011968,0.372999991623,0.152999997606,1],"ix":4},"o":{"a":0,"k":100,"ix":5},"r":1,"bm":0,"nm":"Fill 1","mn":"ADBE Vector Graphic - Fill","hd":false},{"ty":"tr","p":{"a":0,"k":[51.51,157.378],"ix":2},"a":{"a":0,"k":[0,0],"ix":1},"s":{"a":0,"k":[100,100],"ix":3},"r":{"a":0,"k":0,"ix":6},"o":{"a":0,"k":100,"ix":7},"sk":{"a":0,"k":0,"ix":4},"sa":{"a":0,"k":0,"ix":5},"nm":"Transform"}],"nm":"Group 1","np":2,"cix":2,"bm":0,"ix":1,"mn":"ADBE Vector Group","hd":false}],"ip":0,"op":900,"st":0,"bm":0},{"ddd":0,"ind":5,"ty":4,"nm":"Palm_L Outlines","parent":11,"sr":1,"ks":{"o":{"a":0,"k":100,"ix":11},"r":{"a":0,"k":0,"ix":10},"p":{"a":0,"k":[209.885,-1.08,0],"ix":2,"l":2},"a":{"a":0,"k":[32.57,57.439,0],"ix":1,"l":2},"s":{"a":0,"k":[100,100,100],"ix":6,"l":2}},"ao":0,"shapes":[{"ty":"gr","it":[{"ind":0,"ty":"sh","ix":1,"ks":{"a":0,"k":{"i":[[0,0],[0.808,4.578],[5.73,2.11],[-3.949,-10.774],[1.796,-3.232],[0,0],[-0.214,-2.389],[-3.759,0.48]],"o":[[0,0],[-0.808,-4.58],[-10.233,-3.77],[2.609,7.111],[-1.795,3.232],[0,0],[0.455,5.073],[4.661,-0.595]],"v":[[10.774,28.594],[20.738,5.433],[3.051,-22.489],[-17.598,-17.82],[-6.463,2.828],[-7.572,17.426],[-8.113,26.39],[0.601,34.234]],"c":true},"ix":2},"nm":"Path 1","mn":"ADBE Vector Shape - Group","hd":false},{"ty":"fl","c":{"a":0,"k":[0.882000014361,0.663000009574,0.541000007181,1],"ix":4},"o":{"a":0,"k":100,"ix":5},"r":1,"bm":0,"nm":"Fill 1","mn":"ADBE Vector Graphic - Fill","hd":false},{"ty":"tr","p":{"a":0,"k":[21.796,28.844],"ix":2},"a":{"a":0,"k":[0,0],"ix":1},"s":{"a":0,"k":[100,100],"ix":3},"r":{"a":0,"k":0,"ix":6},"o":{"a":0,"k":100,"ix":7},"sk":{"a":0,"k":0,"ix":4},"sa":{"a":0,"k":0,"ix":5},"nm":"Transform"}],"nm":"Group 1","np":2,"cix":2,"bm":0,"ix":1,"mn":"ADBE Vector Group","hd":false}],"ip":0,"op":900,"st":0,"bm":0},{"ddd":0,"ind":6,"ty":4,"nm":"Tablet Outlines","parent":2,"sr":1,"ks":{"o":{"a":0,"k":100,"ix":11},"r":{"a":0,"k":-1.851,"ix":10},"p":{"a":0,"k":[159.976,28.217,0],"ix":2,"l":2},"a":{"a":0,"k":[131.851,82.644,0],"ix":1,"l":2},"s":{"a":0,"k":[100,100,100],"ix":6,"l":2}},"ao":0,"shapes":[{"ty":"gr","it":[{"ind":0,"ty":"sh","ix":1,"ks":{"a":0,"k":{"i":[[4.954,0.473],[0,0],[1.32,-3.655],[0,0],[-5.016,-0.479],[0,0],[-1.281,3.745],[0,0]],"o":[[0,0],[-3.272,-0.311],[0,0],[-2.023,5.599],[0,0],[3.328,0.317],[0,0],[1.907,-5.575]],"v":[[123.432,-78.357],[-65.633,-82.082],[-73.361,-76.459],[-129.578,68.375],[-123.556,80.608],[67.345,82.077],[75.132,76.288],[129.694,-68.703]],"c":true},"ix":2},"nm":"Path 1","mn":"ADBE Vector Shape - Group","hd":false},{"ty":"fl","c":{"a":0,"k":[0.340999977261,0.349000010771,0.419999994016,1],"ix":4},"o":{"a":0,"k":100,"ix":5},"r":1,"bm":0,"nm":"Fill 1","mn":"ADBE Vector Graphic - Fill","hd":false},{"ty":"tr","p":{"a":0,"k":[131.851,82.643],"ix":2},"a":{"a":0,"k":[0,0],"ix":1},"s":{"a":0,"k":[100,100],"ix":3},"r":{"a":0,"k":0,"ix":6},"o":{"a":0,"k":100,"ix":7},"sk":{"a":0,"k":0,"ix":4},"sa":{"a":0,"k":0,"ix":5},"nm":"Transform"}],"nm":"Group 1","np":2,"cix":2,"bm":0,"ix":1,"mn":"ADBE Vector Group","hd":false}],"ip":0,"op":900,"st":0,"bm":0},{"ddd":0,"ind":7,"ty":4,"nm":"Body_MASK","parent":1,"td":1,"sr":1,"ks":{"o":{"a":0,"k":100,"ix":11},"r":{"a":0,"k":0,"ix":10},"p":{"a":0,"k":[70.897,55.875,0],"ix":2,"l":2},"a":{"a":0,"k":[230.5,280.081,0],"ix":1,"l":2},"s":{"a":0,"k":[33.784,33.784,100],"ix":6,"l":2}},"ao":0,"shapes":[{"ty":"gr","it":[{"ind":0,"ty":"sh","ix":1,"ks":{"a":0,"k":{"i":[[1.754,-1.823],[0.765,-14.554],[-4.575,-36.12],[-29.425,-18.766],[-1.18,19.806],[3.493,52.495],[16.608,14.676],[11.999,-7.217]],"o":[[-10.737,11.16],[-1.911,36.358],[3.776,29.808],[39.117,24.947],[3.111,-52.183],[-1.405,-21.101],[-10.49,-9.27],[-2.251,1.354]],"v":[[-29.14,-139.888],[-42.657,-95.231],[-38.634,13.774],[-4.382,126.95],[41.457,48.735],[38.662,-79.41],[15.649,-138.794],[-23.149,-144.68]],"c":true},"ix":2},"nm":"Path 1","mn":"ADBE Vector Shape - Group","hd":false},{"ty":"fl","c":{"a":0,"k":[0.808000033509,0.275,0.067000003889,1],"ix":4},"o":{"a":0,"k":100,"ix":5},"r":1,"bm":0,"nm":"Fill 1","mn":"ADBE Vector Graphic - Fill","hd":false},{"ty":"tr","p":{"a":0,"k":[44.818,232.969],"ix":2},"a":{"a":0,"k":[0,0],"ix":1},"s":{"a":0,"k":[100,100],"ix":3},"r":{"a":0,"k":0,"ix":6},"o":{"a":0,"k":100,"ix":7},"sk":{"a":0,"k":0,"ix":4},"sa":{"a":0,"k":0,"ix":5},"nm":"Transform"}],"nm":"Group 1","np":2,"cix":2,"bm":0,"ix":1,"mn":"ADBE Vector Group","hd":false},{"ty":"gr","it":[{"ind":0,"ty":"sh","ix":1,"ks":{"a":0,"k":{"i":[[2.87,8.85],[-8.25,-17.18],[-16.49,-32.87],[-0.31,-0.651],[-0.61,-3.58],[14.83,-7.53],[25.35,-4.65],[27.26,0.139],[17.82,7.761],[1.52,3.18],[-0.82,23.799],[-0.17,1.25],[0,0],[5.87,44.35],[-2.19,1.76],[0,0],[-46.32,-4.3],[0,0],[-17.23,-33.109],[-9.97,-35.66],[-3.18,-5.46],[0,0],[0.3,-0.46],[7.01,-16.349],[1.81,-3.491],[0.41,-0.9],[11.9,27.761]],"o":[[-6.46,19.319],[15.98,33.24],[0.32,0.63],[1.57,3.269],[3.37,20.04],[-23.09,11.72],[-26.8,4.919],[-19.09,-0.111],[-2.31,-1.009],[-5.42,-11.28],[1.18,-34.321],[0,-0.02],[-8.39,-29.22],[-7.7,-58.11],[12.66,-10.22],[0,0],[46.32,4.31],[0,0],[14.05,26.991],[6.3,22.54],[0,0],[-0.3,0.46],[-9.63,14.981],[-1.64,3.571],[-0.46,0.88],[-16.45,-9.201],[-3.86,-8.969]],"v":[[71.795,-26.799],[80.195,22.541],[140.125,114.161],[141.065,116.081],[144.615,126.309],[107.815,168.57],[33.645,191.51],[-47.785,198.921],[-114.66,190.684],[-120.37,184.285],[-117.515,125.84],[-111.365,55.031],[-111.355,55.001],[-149.115,-72.85],[-141.695,-182.919],[-80.505,-199.059],[-25.705,-166.4],[39.775,-192.46],[103.035,-154.57],[140.215,-44.829],[154.735,1.14],[156.815,0.211],[155.905,1.6],[132.735,49.77],[127.585,60.381],[126.285,63.051],[81.945,0.18]],"c":true},"ix":2},"nm":"Path 1","mn":"ADBE Vector Shape - Group","hd":false},{"ty":"fl","c":{"a":0,"k":[0.910000011968,0.372999991623,0.152999997606,1],"ix":4},"o":{"a":0,"k":100,"ix":5},"r":1,"bm":0,"nm":"Fill 1","mn":"ADBE Vector Graphic - Fill","hd":false},{"ty":"tr","p":{"a":0,"k":[169.172,268.285],"ix":2},"a":{"a":0,"k":[0,0],"ix":1},"s":{"a":0,"k":[100,100],"ix":3},"r":{"a":0,"k":0,"ix":6},"o":{"a":0,"k":100,"ix":7},"sk":{"a":0,"k":0,"ix":4},"sa":{"a":0,"k":0,"ix":5},"nm":"Transform"}],"nm":"Group 2","np":2,"cix":2,"bm":0,"ix":2,"mn":"ADBE Vector Group","hd":false},{"ty":"gr","it":[{"ind":0,"ty":"sh","ix":1,"ks":{"a":0,"k":{"i":[[11.712,86.904],[52.902,-43.63],[0,0],[0,0],[45.625,62.038]],"o":[[0,0],[0,0],[0,0],[0,0],[-45.625,-62.038]],"v":[[42.375,-176.627],[-132.185,-162.534],[-105.748,206.164],[132.185,148.683],[79.866,63.314]],"c":true},"ix":2},"nm":"Path 1","mn":"ADBE Vector Shape - Group","hd":false},{"ty":"fl","c":{"a":0,"k":[0.882000014361,0.663000009574,0.541000007181,1],"ix":4},"o":{"a":0,"k":100,"ix":5},"r":1,"bm":0,"nm":"Fill 1","mn":"ADBE Vector Graphic - Fill","hd":false},{"ty":"tr","p":{"a":0,"k":[168.644,252.807],"ix":2},"a":{"a":0,"k":[0,0],"ix":1},"s":{"a":0,"k":[100,100],"ix":3},"r":{"a":0,"k":0,"ix":6},"o":{"a":0,"k":100,"ix":7},"sk":{"a":0,"k":0,"ix":4},"sa":{"a":0,"k":0,"ix":5},"nm":"Transform"}],"nm":"Group 3","np":2,"cix":2,"bm":0,"ix":3,"mn":"ADBE Vector Group","hd":false},{"ty":"gr","it":[{"ind":0,"ty":"sh","ix":1,"ks":{"a":0,"k":{"i":[[0,0],[1.237,-16.7],[5.684,16.431]],"o":[[0,0],[-31.462,-3.151],[0,0]],"v":[[27.769,-9.571],[23.979,24.768],[-27.769,-24.768]],"c":true},"ix":2},"nm":"Path 1","mn":"ADBE Vector Shape - Group","hd":false},{"ty":"fl","c":{"a":0,"k":[0.819999964097,0.513999968884,0.395999983245,1],"ix":4},"o":{"a":0,"k":100,"ix":5},"r":1,"bm":0,"nm":"Fill 1","mn":"ADBE Vector Graphic - Fill","hd":false},{"ty":"tr","p":{"a":0,"k":[161.77,25.018],"ix":2},"a":{"a":0,"k":[0,0],"ix":1},"s":{"a":0,"k":[100,100],"ix":3},"r":{"a":0,"k":0,"ix":6},"o":{"a":0,"k":100,"ix":7},"sk":{"a":0,"k":0,"ix":4},"sa":{"a":0,"k":0,"ix":5},"nm":"Transform"}],"nm":"Group 4","np":2,"cix":2,"bm":0,"ix":4,"mn":"ADBE Vector Group","hd":false},{"ty":"gr","it":[{"ind":0,"ty":"sh","ix":1,"ks":{"a":0,"k":{"i":[[0,0],[-18.315,19.426],[0,0],[0,0]],"o":[[0.718,0.618],[0,0],[0,0],[0,0]],"v":[[-2.257,32.213],[59.254,-21.663],[40.91,-32.831],[-59.254,30.051]],"c":true},"ix":2},"nm":"Path 1","mn":"ADBE Vector Shape - Group","hd":false},{"ty":"fl","c":{"a":0,"k":[0.882000014361,0.663000009574,0.541000007181,1],"ix":4},"o":{"a":0,"k":100,"ix":5},"r":1,"bm":0,"nm":"Fill 1","mn":"ADBE Vector Graphic - Fill","hd":false},{"ty":"tr","p":{"a":0,"k":[401.495,241.789],"ix":2},"a":{"a":0,"k":[0,0],"ix":1},"s":{"a":0,"k":[100,100],"ix":3},"r":{"a":0,"k":0,"ix":6},"o":{"a":0,"k":100,"ix":7},"sk":{"a":0,"k":0,"ix":4},"sa":{"a":0,"k":0,"ix":5},"nm":"Transform"}],"nm":"Group 5","np":2,"cix":2,"bm":0,"ix":5,"mn":"ADBE Vector Group","hd":false},{"ty":"gr","it":[{"ind":0,"ty":"sh","ix":1,"ks":{"a":0,"k":{"i":[[0,0],[13.332,-41.496],[11.152,5.282],[28.199,21.798],[2.883,2.341],[0,0],[0,0]],"o":[[-8.084,24.589],[-11.579,-4.452],[-32.535,-15.398],[-2.941,-2.273],[4.278,-38.147],[0,0],[0,0]],"v":[[84.048,-28.749],[50.14,75.926],[16.025,61.314],[-75.305,5.297],[-84.048,-1.623],[-84.048,-75.926],[3.627,-57.848]],"c":true},"ix":2},"nm":"Path 1","mn":"ADBE Vector Shape - Group","hd":false},{"ty":"fl","c":{"a":0,"k":[0.219999994016,0.380000005984,0.463000009574,1],"ix":4},"o":{"a":0,"k":100,"ix":5},"r":1,"bm":0,"nm":"Fill 1","mn":"ADBE Vector Graphic - Fill","hd":false},{"ty":"tr","p":{"a":0,"k":[137.357,483.987],"ix":2},"a":{"a":0,"k":[0,0],"ix":1},"s":{"a":0,"k":[100,100],"ix":3},"r":{"a":0,"k":0,"ix":6},"o":{"a":0,"k":100,"ix":7},"sk":{"a":0,"k":0,"ix":4},"sa":{"a":0,"k":0,"ix":5},"nm":"Transform"}],"nm":"Group 6","np":2,"cix":2,"bm":0,"ix":6,"mn":"ADBE Vector Group","hd":false}],"ip":0,"op":900,"st":0,"bm":0},{"ddd":0,"ind":8,"ty":4,"nm":"Shadow_Hand_R Outlines","parent":3,"tt":1,"sr":1,"ks":{"o":{"a":0,"k":100,"ix":11},"r":{"a":0,"k":0,"ix":10},"p":{"a":0,"k":[24.845,166.973,0],"ix":2,"l":2},"a":{"a":0,"k":[-28.533,185.919,0],"ix":1,"l":2},"s":{"a":0,"k":[100,100,100],"ix":6,"l":2}},"ao":0,"shapes":[{"ty":"gr","it":[{"ind":0,"ty":"sh","ix":1,"ks":{"a":0,"k":{"i":[[67.28,-61.729],[33.29,6.838],[-0.17,1.25],[0,0],[5.87,44.35]],"o":[[-106.65,97.859],[1.18,-34.322],[0,-0.021],[-8.39,-29.22],[0,0]],"v":[[60.235,-50.94],[-125.285,105.831],[-119.135,35.02],[-119.125,34.99],[-108.645,-9.4]],"c":true},"ix":2},"nm":"Path 1","mn":"ADBE Vector Shape - Group","hd":false},{"ty":"fl","c":{"a":0,"k":[0.808000033509,0.275,0.067000003889,1],"ix":4},"o":{"a":0,"k":100,"ix":5},"r":1,"bm":0,"nm":"Fill 1","mn":"ADBE Vector Graphic - Fill","hd":false},{"ty":"tr","p":{"a":0,"k":[127.765,112.919],"ix":2},"a":{"a":0,"k":[0,0],"ix":1},"s":{"a":0,"k":[100,100],"ix":3},"r":{"a":0,"k":0,"ix":6},"o":{"a":0,"k":100,"ix":7},"sk":{"a":0,"k":0,"ix":4},"sa":{"a":0,"k":0,"ix":5},"nm":"Transform"}],"nm":"Group 1","np":2,"cix":2,"bm":0,"ix":1,"mn":"ADBE Vector Group","hd":false}],"ip":0,"op":900,"st":0,"bm":0},{"ddd":0,"ind":9,"ty":4,"nm":"Hair_TOP Outlines","parent":10,"sr":1,"ks":{"o":{"a":0,"k":100,"ix":11},"r":{"a":1,"k":[{"i":{"x":[0.667],"y":[1.944]},"o":{"x":[0.333],"y":[0]},"t":1,"s":[-20]},{"i":{"x":[0.667],"y":[1]},"o":{"x":[0.333],"y":[0.471]},"t":25,"s":[-30.525]},{"i":{"x":[0.667],"y":[1]},"o":{"x":[0.333],"y":[0]},"t":70,"s":[9]},{"i":{"x":[0.667],"y":[1]},"o":{"x":[0.333],"y":[0]},"t":85,"s":[-3]},{"t":97,"s":[0]}],"ix":10},"p":{"a":0,"k":[8.344,23.945,0],"ix":2,"l":2},"a":{"a":0,"k":[63.586,87.03,0],"ix":1,"l":2},"s":{"a":0,"k":[100,100,100],"ix":6,"l":2}},"ao":0,"shapes":[{"ty":"gr","it":[{"ind":0,"ty":"sh","ix":1,"ks":{"a":0,"k":{"i":[[-0.992,-0.464],[-3.47,-0.415],[-10.79,11.091],[-3.085,7.382],[9.099,10.254],[17.369,1.31],[-4.395,-12.689],[15.954,-4.317],[0.466,-9.074],[-11.484,-7.675]],"o":[[3.151,1.472],[15.18,1.812],[5.579,-5.735],[5.357,-12.819],[-11.994,-13.517],[0,0],[0,0],[-15.955,4.317],[-0.661,12.848],[0.915,0.611]],"v":[[-27.009,41.303],[-16.904,43.969],[25.691,29.872],[39.48,10.401],[32.813,-26.115],[-15.37,-45.781],[17.294,-28.539],[-17.37,-40.447],[-44.175,0.161],[-29.876,39.696]],"c":true},"ix":2},"nm":"Path 1","mn":"ADBE Vector Shape - Group","hd":false},{"ty":"fl","c":{"a":0,"k":[0.187999994615,0.169000004787,0.176000004189,1],"ix":4},"o":{"a":0,"k":100,"ix":5},"r":1,"bm":0,"nm":"Fill 1","mn":"ADBE Vector Graphic - Fill","hd":false},{"ty":"tr","p":{"a":0,"k":[45.086,46.031],"ix":2},"a":{"a":0,"k":[0,0],"ix":1},"s":{"a":0,"k":[100,100],"ix":3},"r":{"a":0,"k":0,"ix":6},"o":{"a":0,"k":100,"ix":7},"sk":{"a":0,"k":0,"ix":4},"sa":{"a":0,"k":0,"ix":5},"nm":"Transform"}],"nm":"Group 1","np":2,"cix":2,"bm":0,"ix":1,"mn":"ADBE Vector Group","hd":false}],"ip":0,"op":900,"st":0,"bm":0},{"ddd":0,"ind":10,"ty":4,"nm":"Face Outlines","parent":15,"sr":1,"ks":{"o":{"a":0,"k":100,"ix":11},"r":{"a":1,"k":[{"i":{"x":[0.667],"y":[1]},"o":{"x":[0.333],"y":[0]},"t":0,"s":[0]},{"i":{"x":[0.667],"y":[1]},"o":{"x":[0.333],"y":[0]},"t":31,"s":[-4.493]},{"i":{"x":[0.667],"y":[1]},"o":{"x":[0.333],"y":[0]},"t":49,"s":[2.751]},{"t":71,"s":[0]}],"ix":10},"p":{"a":0,"k":[106.542,-42.067,0],"ix":2,"l":2},"a":{"a":0,"k":[70.768,76.864,0],"ix":1,"l":2},"s":{"a":0,"k":[100,100,100],"ix":6,"l":2}},"ao":0,"shapes":[{"ty":"gr","it":[{"ind":0,"ty":"sh","ix":1,"ks":{"a":0,"k":{"i":[[15.788,22.198],[5.183,-3.851],[0,0],[0,0],[-31.921,5.811],[-7.856,7.732],[0,0],[-1.893,5.399],[-2.112,-8.903],[-7.158,0.321]],"o":[[-10.528,-14.803],[-39.163,-25.338],[-7.38,32.98],[0,0],[9.75,-1.776],[-14.208,20.352],[38.678,-14.619],[4.26,4.416],[2.869,12.098],[0,0]],"v":[[54.73,-18.103],[30.086,-26.613],[-37.726,-20.697],[-70.518,29.657],[-25.603,33.219],[1.04,17.521],[-31.531,51.952],[27.81,-19.059],[42.52,3.788],[52.473,40.043]],"c":true},"ix":2},"nm":"Path 1","mn":"ADBE Vector Shape - Group","hd":false},{"ty":"fl","c":{"a":0,"k":[0.187999994615,0.169000004787,0.176000004189,1],"ix":4},"o":{"a":0,"k":100,"ix":5},"r":1,"bm":0,"nm":"Fill 1","mn":"ADBE Vector Graphic - Fill","hd":false},{"ty":"tr","p":{"a":0,"k":[70.768,52.201],"ix":2},"a":{"a":0,"k":[0,0],"ix":1},"s":{"a":0,"k":[100,100],"ix":3},"r":{"a":0,"k":0,"ix":6},"o":{"a":0,"k":100,"ix":7},"sk":{"a":0,"k":0,"ix":4},"sa":{"a":0,"k":0,"ix":5},"nm":"Transform"}],"nm":"Group 1","np":2,"cix":2,"bm":0,"ix":1,"mn":"ADBE Vector Group","hd":false},{"ty":"gr","it":[{"ind":0,"ty":"sh","ix":1,"ks":{"a":0,"k":{"i":[[19.511,-0.125],[-3.282,46.467],[-47.82,-0.666],[-2.678,-15.776]],"o":[[0,0],[3.281,-46.467],[47.82,0.666],[2.676,15.777]],"v":[[21.047,64.44],[-50.35,13.853],[-6.678,-63.774],[51.822,-28.948]],"c":true},"ix":2},"nm":"Path 1","mn":"ADBE Vector Shape - Group","hd":false},{"ty":"fl","c":{"a":0,"k":[0.882000014361,0.663000009574,0.541000007181,1],"ix":4},"o":{"a":0,"k":100,"ix":5},"r":1,"bm":0,"nm":"Fill 1","mn":"ADBE Vector Graphic - Fill","hd":false},{"ty":"tr","p":{"a":0,"k":[74.042,89.039],"ix":2},"a":{"a":0,"k":[0,0],"ix":1},"s":{"a":0,"k":[100,100],"ix":3},"r":{"a":0,"k":0,"ix":6},"o":{"a":0,"k":100,"ix":7},"sk":{"a":0,"k":0,"ix":4},"sa":{"a":0,"k":0,"ix":5},"nm":"Transform"}],"nm":"Group 2","np":2,"cix":2,"bm":0,"ix":2,"mn":"ADBE Vector Group","hd":false}],"ip":0,"op":900,"st":0,"bm":0},{"ddd":0,"ind":11,"ty":4,"nm":"Hand_L Outlines","parent":12,"sr":1,"ks":{"o":{"a":0,"k":100,"ix":11},"r":{"a":1,"k":[{"i":{"x":[0.833],"y":[1]},"o":{"x":[0.167],"y":[0]},"t":0,"s":[0]},{"i":{"x":[0.667],"y":[1]},"o":{"x":[0.333],"y":[0]},"t":29,"s":[-6.868]},{"i":{"x":[0.667],"y":[1]},"o":{"x":[0.333],"y":[0]},"t":52,"s":[13.898]},{"t":74,"s":[-2.088]}],"ix":10},"p":{"a":0,"k":[284.038,256.46,0],"ix":2,"l":2},"a":{"a":0,"k":[31.876,33.625,0],"ix":1,"l":2},"s":{"a":0,"k":[100,100,100],"ix":6,"l":2}},"ao":0,"shapes":[{"ty":"gr","it":[{"ind":0,"ty":"sh","ix":1,"ks":{"a":0,"k":{"i":[[0,0],[19.825,6.482],[13.193,30.771],[-18.729,9.099],[-3.183,-5.466],[0,0],[0,0],[-4.104,-1.143],[-2.103,-4.978]],"o":[[-35.523,31.373],[-18.304,-5.986],[10.137,-19.202],[6.298,22.536],[0,0],[0,0],[0,0],[5.478,1.526],[2.103,4.978]],"v":[[93.626,-40.347],[-43.918,51.893],[-93.626,-13.362],[-35.35,-58.375],[-20.829,-12.405],[44.852,-41.79],[73.456,-57.676],[100.35,-71.612],[112.224,-60.564]],"c":true},"ix":2},"nm":"Path 1","mn":"ADBE Vector Shape - Group","hd":false},{"ty":"fl","c":{"a":0,"k":[0.882000014361,0.663000009574,0.541000007181,1],"ix":4},"o":{"a":0,"k":100,"ix":5},"r":1,"bm":0,"nm":"Fill 1","mn":"ADBE Vector Graphic - Fill","hd":false},{"ty":"tr","p":{"a":0,"k":[93.876,58.625],"ix":2},"a":{"a":0,"k":[0,0],"ix":1},"s":{"a":0,"k":[100,100],"ix":3},"r":{"a":0,"k":0,"ix":6},"o":{"a":0,"k":100,"ix":7},"sk":{"a":0,"k":0,"ix":4},"sa":{"a":0,"k":0,"ix":5},"nm":"Transform"}],"nm":"Group 1","np":2,"cix":2,"bm":0,"ix":1,"mn":"ADBE Vector Group","hd":false}],"ip":0,"op":900,"st":0,"bm":0},{"ddd":0,"ind":12,"ty":4,"nm":"Body Outlines 2","parent":1,"sr":1,"ks":{"o":{"a":0,"k":100,"ix":11},"r":{"a":1,"k":[{"i":{"x":[0],"y":[0.905]},"o":{"x":[0],"y":[0]},"t":0,"s":[-4.932]},{"i":{"x":[0.64],"y":[1]},"o":{"x":[0.308],"y":[-0.087]},"t":34,"s":[1]},{"t":51,"s":[0]}],"ix":10},"p":{"a":0,"k":[60.806,112.51,0],"ix":2,"l":2},"a":{"a":0,"k":[200.63,447.721,0],"ix":1,"l":2},"s":{"a":0,"k":[33.784,33.784,100],"ix":6,"l":2}},"ao":0,"shapes":[{"ty":"gr","it":[{"ind":0,"ty":"sh","ix":1,"ks":{"a":0,"k":{"i":[[1.754,-1.823],[0.765,-14.554],[-4.575,-36.12],[-29.425,-18.766],[-1.18,19.806],[3.493,52.495],[16.608,14.676],[11.999,-7.217]],"o":[[-10.737,11.16],[-1.911,36.358],[3.776,29.808],[39.117,24.947],[3.111,-52.183],[-1.405,-21.101],[-10.49,-9.27],[-2.251,1.354]],"v":[[-29.14,-139.888],[-42.657,-95.231],[-38.634,13.774],[-4.382,126.95],[41.457,48.735],[38.662,-79.41],[15.649,-138.794],[-23.149,-144.68]],"c":true},"ix":2},"nm":"Path 1","mn":"ADBE Vector Shape - Group","hd":false},{"ty":"fl","c":{"a":0,"k":[0.808000033509,0.275,0.067000003889,1],"ix":4},"o":{"a":0,"k":100,"ix":5},"r":1,"bm":0,"nm":"Fill 1","mn":"ADBE Vector Graphic - Fill","hd":false},{"ty":"tr","p":{"a":0,"k":[44.818,232.969],"ix":2},"a":{"a":0,"k":[0,0],"ix":1},"s":{"a":0,"k":[100,100],"ix":3},"r":{"a":0,"k":0,"ix":6},"o":{"a":0,"k":100,"ix":7},"sk":{"a":0,"k":0,"ix":4},"sa":{"a":0,"k":0,"ix":5},"nm":"Transform"}],"nm":"Group 1","np":2,"cix":2,"bm":0,"ix":1,"mn":"ADBE Vector Group","hd":false},{"ty":"gr","it":[{"ind":0,"ty":"sh","ix":1,"ks":{"a":0,"k":{"i":[[2.87,8.85],[-8.25,-17.18],[-16.49,-32.87],[-0.31,-0.651],[-0.61,-3.58],[14.83,-7.53],[25.35,-4.65],[27.26,0.139],[17.82,7.761],[1.52,3.18],[-0.82,23.799],[-0.17,1.25],[0,0],[5.87,44.35],[-2.19,1.76],[0,0],[-46.32,-4.3],[0,0],[-17.23,-33.109],[-9.97,-35.66],[-3.18,-5.46],[0,0],[0.3,-0.46],[7.01,-16.349],[1.81,-3.491],[0.41,-0.9],[11.9,27.761]],"o":[[-6.46,19.319],[15.98,33.24],[0.32,0.63],[1.57,3.269],[3.37,20.04],[-23.09,11.72],[-26.8,4.919],[-19.09,-0.111],[-2.31,-1.009],[-5.42,-11.28],[1.18,-34.321],[0,-0.02],[-8.39,-29.22],[-7.7,-58.11],[12.66,-10.22],[0,0],[46.32,4.31],[0,0],[14.05,26.991],[6.3,22.54],[0,0],[-0.3,0.46],[-9.63,14.981],[-1.64,3.571],[-0.46,0.88],[-16.45,-9.201],[-3.86,-8.969]],"v":[[71.795,-26.799],[80.195,22.541],[140.125,114.161],[141.065,116.081],[144.615,126.309],[107.815,168.57],[33.645,191.51],[-47.785,198.921],[-114.66,190.684],[-120.37,184.285],[-117.515,125.84],[-111.365,55.031],[-111.355,55.001],[-149.115,-72.85],[-141.695,-182.919],[-80.505,-199.059],[-25.705,-166.4],[39.775,-192.46],[103.035,-154.57],[140.215,-44.829],[154.735,1.14],[156.815,0.211],[155.905,1.6],[144.735,28.27],[134.585,44.381],[124.785,49.551],[81.945,0.18]],"c":true},"ix":2},"nm":"Path 1","mn":"ADBE Vector Shape - Group","hd":false},{"ty":"fl","c":{"a":0,"k":[0.910000011968,0.372999991623,0.152999997606,1],"ix":4},"o":{"a":0,"k":100,"ix":5},"r":1,"bm":0,"nm":"Fill 1","mn":"ADBE Vector Graphic - Fill","hd":false},{"ty":"tr","p":{"a":0,"k":[169.172,268.285],"ix":2},"a":{"a":0,"k":[0,0],"ix":1},"s":{"a":0,"k":[100,100],"ix":3},"r":{"a":0,"k":0,"ix":6},"o":{"a":0,"k":100,"ix":7},"sk":{"a":0,"k":0,"ix":4},"sa":{"a":0,"k":0,"ix":5},"nm":"Transform"}],"nm":"Group 2","np":2,"cix":2,"bm":0,"ix":2,"mn":"ADBE Vector Group","hd":false},{"ty":"gr","it":[{"ind":0,"ty":"sh","ix":1,"ks":{"a":0,"k":{"i":[[11.712,86.904],[52.902,-43.63],[0,0],[0,0],[45.625,62.038]],"o":[[0,0],[0,0],[0,0],[0,0],[-45.625,-62.038]],"v":[[42.375,-176.627],[-132.185,-162.534],[-105.748,206.164],[132.185,148.683],[79.866,63.314]],"c":true},"ix":2},"nm":"Path 1","mn":"ADBE Vector Shape - Group","hd":false},{"ty":"fl","c":{"a":0,"k":[0.882000014361,0.663000009574,0.541000007181,1],"ix":4},"o":{"a":0,"k":100,"ix":5},"r":1,"bm":0,"nm":"Fill 1","mn":"ADBE Vector Graphic - Fill","hd":false},{"ty":"tr","p":{"a":0,"k":[168.644,252.807],"ix":2},"a":{"a":0,"k":[0,0],"ix":1},"s":{"a":0,"k":[100,100],"ix":3},"r":{"a":0,"k":0,"ix":6},"o":{"a":0,"k":100,"ix":7},"sk":{"a":0,"k":0,"ix":4},"sa":{"a":0,"k":0,"ix":5},"nm":"Transform"}],"nm":"Group 3","np":2,"cix":2,"bm":0,"ix":3,"mn":"ADBE Vector Group","hd":false},{"ty":"gr","it":[{"ind":0,"ty":"sh","ix":1,"ks":{"a":0,"k":{"i":[[0,0],[1.237,-16.7],[5.684,16.431]],"o":[[0,0],[-31.462,-3.151],[0,0]],"v":[[27.769,-9.571],[23.979,24.768],[-27.769,-24.768]],"c":true},"ix":2},"nm":"Path 1","mn":"ADBE Vector Shape - Group","hd":false},{"ty":"fl","c":{"a":0,"k":[0.819999964097,0.513999968884,0.395999983245,1],"ix":4},"o":{"a":0,"k":100,"ix":5},"r":1,"bm":0,"nm":"Fill 1","mn":"ADBE Vector Graphic - Fill","hd":false},{"ty":"tr","p":{"a":0,"k":[161.77,25.018],"ix":2},"a":{"a":0,"k":[0,0],"ix":1},"s":{"a":0,"k":[100,100],"ix":3},"r":{"a":0,"k":0,"ix":6},"o":{"a":0,"k":100,"ix":7},"sk":{"a":0,"k":0,"ix":4},"sa":{"a":0,"k":0,"ix":5},"nm":"Transform"}],"nm":"Group 4","np":2,"cix":2,"bm":0,"ix":4,"mn":"ADBE Vector Group","hd":false},{"ty":"gr","it":[{"ind":0,"ty":"sh","ix":1,"ks":{"a":0,"k":{"i":[[0,0],[13.332,-41.496],[11.152,5.282],[28.199,21.798],[2.883,2.341],[0,0],[0,0]],"o":[[-8.084,24.589],[-11.579,-4.452],[-32.535,-15.398],[-2.941,-2.273],[4.278,-38.147],[0,0],[0,0]],"v":[[84.048,-28.749],[50.14,75.926],[16.025,61.314],[-75.305,5.297],[-84.048,-1.623],[-84.048,-75.926],[3.627,-57.848]],"c":true},"ix":2},"nm":"Path 1","mn":"ADBE Vector Shape - Group","hd":false},{"ty":"fl","c":{"a":0,"k":[0.219999994016,0.380000005984,0.463000009574,1],"ix":4},"o":{"a":0,"k":100,"ix":5},"r":1,"bm":0,"nm":"Fill 1","mn":"ADBE Vector Graphic - Fill","hd":false},{"ty":"tr","p":{"a":0,"k":[137.357,483.987],"ix":2},"a":{"a":0,"k":[0,0],"ix":1},"s":{"a":0,"k":[100,100],"ix":3},"r":{"a":0,"k":0,"ix":6},"o":{"a":0,"k":100,"ix":7},"sk":{"a":0,"k":0,"ix":4},"sa":{"a":0,"k":0,"ix":5},"nm":"Transform"}],"nm":"Group 6","np":2,"cix":2,"bm":0,"ix":6,"mn":"ADBE Vector Group","hd":false}],"ip":0,"op":900,"st":0,"bm":0},{"ddd":0,"ind":13,"ty":4,"nm":"Shadow_Body Outlines","parent":1,"sr":1,"ks":{"o":{"a":0,"k":100,"ix":11},"r":{"a":0,"k":0,"ix":10},"p":{"a":0,"k":[55.735,106.599,0],"ix":2,"l":2},"a":{"a":0,"k":[122.977,47.849,0],"ix":1,"l":2},"s":{"a":0,"k":[33.784,33.784,100],"ix":6,"l":2}},"ao":0,"shapes":[{"ty":"gr","it":[{"ind":0,"ty":"sh","ix":1,"ks":{"a":0,"k":{"i":[[0,0],[-26.794,-0.904],[-20.943,4.557],[-12.96,8.015],[2.004,6.261],[56.734,-21.214],[2.004,-0.765]],"o":[[28.377,11.915],[24.489,0.82],[45.626,-9.922],[-2.413,-15.03],[-28.087,-19.996],[-2.024,0.764],[-43.45,16.612]],"v":[[-122.727,28.744],[-39.275,46.779],[29.396,40.26],[122.727,3.954],[115.574,-27.603],[-38.694,-7.249],[-44.737,-4.956]],"c":true},"ix":2},"nm":"Path 1","mn":"ADBE Vector Shape - Group","hd":false},{"ty":"fl","c":{"a":0,"k":[0.219999994016,0.380000005984,0.463000009574,1],"ix":4},"o":{"a":0,"k":100,"ix":5},"r":1,"bm":0,"nm":"Fill 1","mn":"ADBE Vector Graphic - Fill","hd":false},{"ty":"tr","p":{"a":0,"k":[122.976,47.849],"ix":2},"a":{"a":0,"k":[0,0],"ix":1},"s":{"a":0,"k":[100,100],"ix":3},"r":{"a":0,"k":0,"ix":6},"o":{"a":0,"k":100,"ix":7},"sk":{"a":0,"k":0,"ix":4},"sa":{"a":0,"k":0,"ix":5},"nm":"Transform"}],"nm":"Group 1","np":2,"cix":2,"bm":0,"ix":1,"mn":"ADBE Vector Group","hd":false}],"ip":0,"op":900,"st":0,"bm":0},{"ddd":0,"ind":14,"ty":4,"nm":"Skirt Outlines","parent":1,"sr":1,"ks":{"o":{"a":0,"k":100,"ix":11},"r":{"a":0,"k":0,"ix":10},"p":{"a":0,"k":[70.378,123.728,0],"ix":2,"l":2},"a":{"a":0,"k":[88.617,110.132,0],"ix":1,"l":2},"s":{"a":0,"k":[33.784,33.784,100],"ix":6,"l":2}},"ao":0,"shapes":[{"ty":"gr","it":[{"ind":0,"ty":"sh","ix":1,"ks":{"a":0,"k":{"i":[[6.366,-75.449],[38.866,14.948],[11.152,5.282],[2.053,19.642],[1.038,9.78],[0.035,0.288],[0.103,1.026],[0,0],[-92.253,-24.82],[-1.695,-5.328],[-2.411,-15.027]],"o":[[-42.88,-4.74],[-11.579,-4.451],[-2.572,-25.281],[-2.434,-23.134],[-0.046,-0.3],[-0.15,-1.441],[-0.254,-2.388],[0,0],[0,0],[2.007,6.251],[4.89,30.378]],"v":[[82.001,109.882],[-40.965,79.987],[-75.08,65.376],[-82.115,-2.924],[-87.479,-53.785],[-87.583,-54.661],[-87.975,-58.363],[-88.367,-61.996],[69.867,-85.062],[72.727,-77.301],[79.878,-45.746]],"c":true},"ix":2},"nm":"Path 1","mn":"ADBE Vector Shape - Group","hd":false},{"ty":"fl","c":{"a":0,"k":[0.317999985639,0.470999983245,0.545000023935,1],"ix":4},"o":{"a":0,"k":100,"ix":5},"r":1,"bm":0,"nm":"Fill 1","mn":"ADBE Vector Graphic - Fill","hd":false},{"ty":"tr","p":{"a":0,"k":[88.617,110.132],"ix":2},"a":{"a":0,"k":[0,0],"ix":1},"s":{"a":0,"k":[100,100],"ix":3},"r":{"a":0,"k":0,"ix":6},"o":{"a":0,"k":100,"ix":7},"sk":{"a":0,"k":0,"ix":4},"sa":{"a":0,"k":0,"ix":5},"nm":"Transform"}],"nm":"Group 1","np":2,"cix":2,"bm":0,"ix":1,"mn":"ADBE Vector Group","hd":false}],"ip":0,"op":900,"st":0,"bm":0},{"ddd":0,"ind":15,"ty":4,"nm":"Neck Outlines","parent":12,"sr":1,"ks":{"o":{"a":0,"k":100,"ix":11},"r":{"a":0,"k":0,"ix":10},"p":{"a":0,"k":[146.282,88.531,0],"ix":2,"l":2},"a":{"a":0,"k":[76.913,89.432,0],"ix":1,"l":2},"s":{"a":0,"k":[100,100,100],"ix":6,"l":2}},"ao":0,"shapes":[{"ty":"gr","it":[{"ind":0,"ty":"sh","ix":1,"ks":{"a":0,"k":{"i":[[-12.021,-34.29],[18.798,-4.337],[10.142,40.881],[-5.221,0.624],[-4.436,0.22],[-2.607,38.511],[0,0],[0,0],[1.245,-16.686],[-2.472,-3.052],[0,0],[-0.024,-0.034]],"o":[[-11.943,8.286],[-70.465,16.28],[9.609,-5.499],[5.094,-0.6],[7.912,-6.06],[0,0],[0,0],[0,0],[-0.964,13.056],[4.334,0.941],[0,0],[0.746,1.222]],"v":[[76.663,53.446],[30.948,72.903],[-76.663,-11.253],[-52.791,-18.589],[-37.904,-19.808],[-15.595,-89.183],[-15.53,-106.293],[45.255,-90.593],[39.465,-38.754],[40.821,-10.168],[47.756,-8.613],[47.784,-8.561]],"c":true},"ix":2},"nm":"Path 1","mn":"ADBE Vector Shape - Group","hd":false},{"ty":"fl","c":{"a":0,"k":[0.882000014361,0.663000009574,0.541000007181,1],"ix":4},"o":{"a":0,"k":100,"ix":5},"r":1,"bm":0,"nm":"Fill 1","mn":"ADBE Vector Graphic - Fill","hd":false},{"ty":"tr","p":{"a":0,"k":[76.913,89.432],"ix":2},"a":{"a":0,"k":[0,0],"ix":1},"s":{"a":0,"k":[100,100],"ix":3},"r":{"a":0,"k":0,"ix":6},"o":{"a":0,"k":100,"ix":7},"sk":{"a":0,"k":0,"ix":4},"sa":{"a":0,"k":0,"ix":5},"nm":"Transform"}],"nm":"Group 1","np":2,"cix":2,"bm":0,"ix":1,"mn":"ADBE Vector Group","hd":false}],"ip":0,"op":900,"st":0,"bm":0},{"ddd":0,"ind":16,"ty":4,"nm":"Hair_MAIN Outlines","parent":10,"sr":1,"ks":{"o":{"a":0,"k":100,"ix":11},"r":{"a":0,"k":0,"ix":10},"p":{"a":0,"k":[-46.263,222.289,0],"ix":2,"l":2},"a":{"a":0,"k":[202.147,224.1,0],"ix":1,"l":2},"s":{"a":0,"k":[100,100,100],"ix":6,"l":2}},"ao":0,"shapes":[{"ty":"gr","it":[{"ind":0,"ty":"sh","ix":1,"ks":{"a":1,"k":[{"i":{"x":0.833,"y":1},"o":{"x":0.167,"y":0},"t":0,"s":[{"i":[[18.309,-0.248],[21.1,-17.264],[8.921,-24.197],[18.284,-18.45],[32.641,-28.562],[4.769,-22.149],[-16.349,-28.883],[-31.414,-10.708],[-36.094,8.959],[-35.092,50.824],[28.159,54.969],[1.638,8.888],[-3.996,18.524],[25.822,12.392]],"o":[[-27.727,0.093],[-20.097,16.444],[-8.986,24.372],[-30.531,30.808],[-17.052,14.919],[-6.987,32.444],[16.349,28.881],[35.201,11.998],[59.943,-14.879],[35.091,-50.823],[-4.12,-8.044],[-3.436,-18.636],[5.8,-26.889],[-16.979,-8.148]],"v":[[99.508,-223.187],[26.77,-195.706],[-13.279,-134.766],[-48.559,-66.025],[-162.413,-4.943],[-194.91,53.433],[-180.214,149.704],[-105.235,211.852],[4.803,212.057],[156.902,113.467],[173.738,-62.158],[163.048,-86.952],[175.189,-141.88],[142.798,-215.701]],"c":true}]},{"i":{"x":0.667,"y":1},"o":{"x":0.333,"y":0},"t":45,"s":[{"i":[[18.309,-0.248],[21.1,-17.264],[-0.496,-25.784],[9.63,-24.124],[24.898,-44.14],[-13.26,-46.053],[-32.621,6.114],[-16.413,28.846],[-23.473,28.845],[-35.092,50.824],[10.262,52.284],[6.563,28.683],[-3.996,18.524],[25.822,12.392]],"o":[[-27.727,0.093],[-20.097,16.444],[0.764,39.683],[-16.578,41.532],[-27.79,49.267],[17.596,61.113],[40.877,-7.662],[23.603,-41.482],[45.683,-56.14],[35.091,-50.823],[-7.284,-37.11],[-4.227,-18.473],[5.8,-26.889],[-16.979,-8.148]],"v":[[99.507,-223.187],[26.769,-195.706],[2.721,-133.766],[-4.79,-61.23],[-75.739,48.78],[-98.171,184.212],[6.399,259.802],[69.562,203.579],[75.003,127.764],[156.902,113.467],[214.058,12.703],[179.117,-71.987],[175.188,-141.88],[142.798,-215.701]],"c":true}]},{"t":115,"s":[{"i":[[18.309,-0.248],[21.1,-17.264],[8.921,-24.197],[18.284,-18.45],[32.641,-28.562],[4.769,-22.149],[-16.349,-28.883],[-31.414,-10.708],[-36.094,8.959],[-35.092,50.824],[28.159,54.969],[1.638,8.888],[-3.996,18.524],[25.822,12.392]],"o":[[-27.727,0.093],[-20.097,16.444],[-8.986,24.372],[-30.531,30.808],[-17.052,14.919],[-6.987,32.444],[16.349,28.881],[35.201,11.998],[59.943,-14.879],[35.091,-50.823],[-4.12,-8.044],[-3.436,-18.636],[5.8,-26.889],[-16.979,-8.148]],"v":[[99.508,-223.187],[26.77,-195.706],[-13.279,-134.766],[-48.559,-66.025],[-162.413,-4.943],[-194.91,53.433],[-180.214,149.704],[-105.235,211.852],[4.803,212.057],[156.902,113.467],[173.738,-62.158],[163.048,-86.952],[175.189,-141.88],[142.798,-215.701]],"c":true}]}],"ix":2},"nm":"Path 1","mn":"ADBE Vector Shape - Group","hd":false},{"ty":"fl","c":{"a":0,"k":[0.187999994615,0.169000004787,0.176000004189,1],"ix":4},"o":{"a":0,"k":100,"ix":5},"r":1,"bm":0,"nm":"Fill 1","mn":"ADBE Vector Graphic - Fill","hd":false},{"ty":"tr","p":{"a":0,"k":[202.147,224.099],"ix":2},"a":{"a":0,"k":[0,0],"ix":1},"s":{"a":0,"k":[100,100],"ix":3},"r":{"a":0,"k":0,"ix":6},"o":{"a":0,"k":100,"ix":7},"sk":{"a":0,"k":0,"ix":4},"sa":{"a":0,"k":0,"ix":5},"nm":"Transform"}],"nm":"Group 1","np":2,"cix":2,"bm":0,"ix":1,"mn":"ADBE Vector Group","hd":false}],"ip":0,"op":900,"st":0,"bm":0}]}],"layers":[{"ddd":0,"ind":1,"ty":4,"nm":"BG_MAIN Outlines 3","td":1,"sr":1,"ks":{"o":{"a":0,"k":100,"ix":11},"r":{"a":0,"k":0,"ix":10},"p":{"a":0,"k":[723.857,738.717,0],"ix":2,"l":2},"a":{"a":0,"k":[497.662,497.662,0],"ix":1,"l":2},"s":{"a":0,"k":[100,100,100],"ix":6,"l":2}},"ao":0,"shapes":[{"ty":"gr","it":[{"ind":0,"ty":"sh","ix":1,"ks":{"a":0,"k":{"i":[[0,-82.762],[274.719,0],[15.996,1.558],[2.272,0.254],[38.866,14.946],[11.153,5.283],[28.199,21.797],[2.883,2.341],[0,156.286],[-274.708,0],[-85.183,-68.369],[-32.061,-61.576]],"o":[[0,274.708],[-16.4,0],[-2.284,-0.219],[-42.88,-4.74],[-11.579,-4.452],[-32.534,-15.396],[-2.941,-2.273],[-112.713,-91.17],[0,-274.719],[117.73,0],[53.71,43.099],[35.765,68.645]],"v":[[497.412,0],[0,497.412],[-48.612,495.059],[-55.463,494.344],[-178.429,464.451],[-212.545,449.837],[-303.875,393.822],[-312.617,386.902],[-497.412,0],[0,-497.412],[311.094,-388.147],[441.441,-229.44]],"c":true},"ix":2},"nm":"Path 1","mn":"ADBE Vector Shape - Group","hd":false},{"ty":"fl","c":{"a":0,"k":[0.114125330308,0.709803921569,0.590668203316,1],"ix":4},"o":{"a":0,"k":100,"ix":5},"r":1,"bm":0,"nm":"Fill 1","mn":"ADBE Vector Graphic - Fill","hd":false},{"ty":"tr","p":{"a":0,"k":[497.662,497.662],"ix":2},"a":{"a":0,"k":[0,0],"ix":1},"s":{"a":0,"k":[100,100],"ix":3},"r":{"a":0,"k":0,"ix":6},"o":{"a":0,"k":100,"ix":7},"sk":{"a":0,"k":0,"ix":4},"sa":{"a":0,"k":0,"ix":5},"nm":"Transform"}],"nm":"Group 1","np":2,"cix":2,"bm":0,"ix":1,"mn":"ADBE Vector Group","hd":false}],"ip":0,"op":180,"st":0,"bm":0},{"ddd":0,"ind":2,"ty":0,"nm":"Women_COMP","tt":1,"refId":"comp_0","sr":1,"ks":{"o":{"a":1,"k":[{"i":{"x":[0],"y":[1]},"o":{"x":[0],"y":[0]},"t":0,"s":[0]},{"i":{"x":[0.681],"y":[27.246]},"o":{"x":[0.157],"y":[0]},"t":28,"s":[100]},{"i":{"x":[0.787],"y":[1]},"o":{"x":[0.433],"y":[0.076]},"t":153,"s":[100]},{"t":179,"s":[2]}],"ix":11},"r":{"a":0,"k":0,"ix":10},"p":{"a":0,"k":[750,750,0],"ix":2,"l":2},"a":{"a":0,"k":[750,750,0],"ix":1,"l":2},"s":{"a":0,"k":[100,100,100],"ix":6,"l":2}},"ao":0,"w":1500,"h":1500,"ip":0,"op":180,"st":0,"bm":0},{"ddd":0,"ind":4,"ty":4,"nm":"Pot_FRONT Outlines","sr":1,"ks":{"o":{"a":1,"k":[{"i":{"x":[0.833],"y":[1]},"o":{"x":[0.333],"y":[0]},"t":153,"s":[100]},{"t":179,"s":[2]}],"ix":11},"r":{"a":0,"k":0,"ix":10},"p":{"a":0,"k":[1018.681,1290,0],"ix":2,"l":2},"a":{"a":0,"k":[102.368,273.894,0],"ix":1,"l":2},"s":{"a":1,"k":[{"i":{"x":[0.667,0.667,0.667],"y":[1,1,1]},"o":{"x":[0.333,0.333,0.333],"y":[0,0,0]},"t":8,"s":[0,0,100]},{"i":{"x":[0.667,0.667,0.667],"y":[1,1,1]},"o":{"x":[0.333,0.333,0.333],"y":[0,0,0]},"t":18,"s":[105,105,100]},{"t":28,"s":[100,100,100]}],"ix":6,"l":2}},"ao":0,"shapes":[{"ty":"gr","it":[{"ind":0,"ty":"sh","ix":1,"ks":{"a":0,"k":{"i":[[56.469,0],[0,8.856],[0,0],[-43.002,0],[0,5.631],[0,0],[0,0]],"o":[[-56.47,0],[0,0],[0,5.631],[43.002,0],[0,0],[0,0],[0,8.856]],"v":[[0.001,-120.786],[-102.246,-136.822],[-77.991,126.627],[-0.129,136.822],[77.733,126.627],[77.991,126.627],[102.246,-136.822]],"c":true},"ix":2},"nm":"Path 1","mn":"ADBE Vector Shape - Group","hd":false},{"ty":"fl","c":{"a":0,"k":[0.976000019148,0.984000052658,0.987999949736,1],"ix":4},"o":{"a":0,"k":100,"ix":5},"r":1,"bm":0,"nm":"Fill 1","mn":"ADBE Vector Graphic - Fill","hd":false},{"ty":"tr","p":{"a":0,"k":[102.496,137.072],"ix":2},"a":{"a":0,"k":[0,0],"ix":1},"s":{"a":0,"k":[100,100],"ix":3},"r":{"a":0,"k":0,"ix":6},"o":{"a":0,"k":100,"ix":7},"sk":{"a":0,"k":0,"ix":4},"sa":{"a":0,"k":0,"ix":5},"nm":"Transform"}],"nm":"Group 1","np":2,"cix":2,"bm":0,"ix":1,"mn":"ADBE Vector Group","hd":false}],"ip":8,"op":180,"st":8,"bm":0},{"ddd":0,"ind":5,"ty":4,"nm":"Plant_FRONT Outlines","sr":1,"ks":{"o":{"a":1,"k":[{"i":{"x":[0.833],"y":[1]},"o":{"x":[0.333],"y":[0]},"t":153,"s":[100]},{"t":179,"s":[2]}],"ix":11},"r":{"a":1,"k":[{"i":{"x":[0.667],"y":[1]},"o":{"x":[0.333],"y":[0]},"t":16,"s":[-15]},{"i":{"x":[0.667],"y":[1]},"o":{"x":[0.333],"y":[0]},"t":39,"s":[7.643]},{"i":{"x":[0.667],"y":[1]},"o":{"x":[0.333],"y":[0]},"t":53,"s":[-3.52]},{"i":{"x":[0.667],"y":[1]},"o":{"x":[0.333],"y":[0]},"t":70,"s":[1.551]},{"i":{"x":[0.667],"y":[1]},"o":{"x":[0.333],"y":[0]},"t":87,"s":[-1]},{"t":106,"s":[0]}],"ix":10},"p":{"a":0,"k":[1003.363,1115.512,0],"ix":2,"l":2},"a":{"a":0,"k":[81.1,513.601,0],"ix":1,"l":2},"s":{"a":1,"k":[{"i":{"x":[0.667,0.667,0.667],"y":[0.762,0.762,-24.037]},"o":{"x":[0.333,0.333,0.333],"y":[0,0,0]},"t":13,"s":[0,0,100]},{"i":{"x":[0.667,0.667,0.667],"y":[1,1,1]},"o":{"x":[0.333,0.333,0.333],"y":[-4.65,-4.65,23.248]},"t":27,"s":[105,105,100]},{"t":40,"s":[100,100,100]}],"ix":6,"l":2}},"ao":0,"shapes":[{"ty":"gr","it":[{"ind":0,"ty":"sh","ix":1,"ks":{"a":0,"k":{"i":[[-9.971,17.674],[1.108,3.63],[1.441,2.502],[-2.213,6.833],[-1.541,7.502],[6.562,8.085],[1.932,5.153],[-0.804,2.724],[0,0],[2.279,6.909],[2.573,12.845],[-0.893,2.936],[-0.42,17.498],[7.997,6.63],[3.432,5.11],[0.497,3.298],[0.861,11.684],[9.199,7.076],[2.747,2.741],[0.313,8.704],[2.193,7.763],[5.595,4.676],[0.714,-10.847],[-2.004,-12.45],[4.223,-0.492],[2.03,0.165],[-1.957,-10.979],[-9.995,-22.434],[-0.321,-1.986],[3.466,-1.892],[-3.667,-12.102],[0.141,-10.509],[1.698,-0.254],[1.441,0.575],[-2.211,-11.001],[-4.331,-11.296],[-0.734,-13.001],[2.072,-2.227],[1.958,-1.594],[-5.361,-10.632],[-5.058,-10.75],[5.872,-2.45],[1.044,-0.708],[-2.207,-5.648],[-3.449,-4.977],[-10.875,-15.574],[-0.797,11.127]],"o":[[1.166,-2.066],[-0.808,-2.647],[-5.429,-9.426],[2.212,-6.832],[1.542,-7.502],[-3.384,-4.168],[-1.46,-3.896],[0,0],[1.427,-4.83],[-4.357,-13.199],[-0.825,-4.115],[4.298,-14.123],[0.231,-9.588],[-4.108,-3.405],[-2.073,-3.087],[-1.826,-12.161],[-0.86,-11.684],[-2.836,-2.182],[-6.793,-6.778],[-0.25,-6.985],[-2.192,-7.763],[-9.317,-7.787],[-0.717,10.848],[1.076,6.679],[-1.894,0.22],[-7.395,-0.601],[3.9,21.873],[0.914,2.052],[1.051,6.519],[-6.179,3.375],[3.667,12.101],[-0.032,2.459],[-1.221,0.182],[-7.975,-3.18],[2.212,11.002],[5.495,14.332],[0.257,4.567],[-1.766,1.898],[-4.989,4.058],[5.364,10.632],[5.057,10.75],[-1.163,0.485],[-2.728,1.847],[2.207,5.646],[10.83,15.631],[7.925,11.349],[1.864,-26.071]],"v":[[57.053,193.893],[58.29,185.642],[54.236,178.064],[50.932,151.418],[58.715,132.223],[51.777,104.811],[41.966,92.351],[42.074,82.52],[53.079,45.236],[53.611,27.948],[31.905,-7.71],[32.759,-18.023],[44.38,-61.464],[33.113,-91.903],[20.932,-101.169],[17.449,-111.285],[16.871,-145.061],[1.215,-179.84],[-7.287,-185.869],[-15.954,-213.004],[-18.712,-234.942],[-30.973,-255.952],[-48.558,-246.033],[-43.507,-209.262],[-46.563,-194.569],[-52.863,-195.835],[-57.478,-172.038],[-39.444,-105.08],[-37.222,-98.913],[-45.647,-91.085],[-46.469,-61.805],[-37.624,-26.234],[-39.837,-21.086],[-44.068,-22.471],[-53.007,-4.316],[-40.712,29.452],[-31.178,71.283],[-33.124,82.713],[-39.779,86.068],[-36.342,114.31],[-18.66,145.251],[-17.443,171.946],[-21.048,173.15],[-21.115,186.909],[-11.9,202.714],[20.592,249.611],[31.705,252.612]],"c":true},"ix":2},"nm":"Path 1","mn":"ADBE Vector Shape - Group","hd":false},{"ty":"fl","c":{"a":0,"k":[0.261314870797,0.564705882353,0.389809941311,1],"ix":4},"o":{"a":0,"k":100,"ix":5},"r":1,"bm":0,"nm":"Fill 1","mn":"ADBE Vector Graphic - Fill","hd":false},{"ty":"tr","p":{"a":0,"k":[60.507,263.99],"ix":2},"a":{"a":0,"k":[0,0],"ix":1},"s":{"a":0,"k":[100,100],"ix":3},"r":{"a":0,"k":0,"ix":6},"o":{"a":0,"k":100,"ix":7},"sk":{"a":0,"k":0,"ix":4},"sa":{"a":0,"k":0,"ix":5},"nm":"Transform"}],"nm":"Group 1","np":2,"cix":2,"bm":0,"ix":1,"mn":"ADBE Vector Group","hd":false}],"ip":0,"op":180,"st":0,"bm":0},{"ddd":0,"ind":6,"ty":4,"nm":"Plant_BACK Outlines","sr":1,"ks":{"o":{"a":1,"k":[{"i":{"x":[0.833],"y":[1]},"o":{"x":[0.333],"y":[0]},"t":153,"s":[100]},{"t":179,"s":[2]}],"ix":11},"r":{"a":1,"k":[{"i":{"x":[0.667],"y":[1]},"o":{"x":[0.333],"y":[0]},"t":15,"s":[-15]},{"i":{"x":[0.667],"y":[1]},"o":{"x":[0.333],"y":[0]},"t":43,"s":[7.643]},{"i":{"x":[0.667],"y":[1]},"o":{"x":[0.333],"y":[0]},"t":61,"s":[-3.52]},{"i":{"x":[0.667],"y":[1]},"o":{"x":[0.333],"y":[0]},"t":78,"s":[1.551]},{"i":{"x":[0.667],"y":[1]},"o":{"x":[0.333],"y":[0]},"t":95,"s":[-1]},{"t":111,"s":[0]}],"ix":10},"p":{"a":0,"k":[1012.174,1097.131,0],"ix":2,"l":2},"a":{"a":0,"k":[9.86,500.55,0],"ix":1,"l":2},"s":{"a":1,"k":[{"i":{"x":[0.667,0.667,0.667],"y":[0.762,0.762,-24.037]},"o":{"x":[0.333,0.333,0.333],"y":[0,0,0]},"t":13,"s":[0,0,100]},{"i":{"x":[0.667,0.667,0.667],"y":[1,1,1]},"o":{"x":[0.333,0.333,0.333],"y":[-4.65,-4.65,23.248]},"t":27,"s":[105,105,100]},{"t":40,"s":[100,100,100]}],"ix":6,"l":2}},"ao":0,"shapes":[{"ty":"gr","it":[{"ind":0,"ty":"sh","ix":1,"ks":{"a":0,"k":{"i":[[5.122,23.327],[-2.162,3.158],[-2.181,1.826],[0.307,8.168],[-0.566,8.509],[-8.989,4.915],[-3.436,4.299],[0.043,3.215],[0,0],[-4.291,5.922],[-6.281,11.871],[0.073,3.481],[-4.557,18.205],[-10.036,2.676],[-4.952,3.477],[-1.444,3.133],[-4.206,11.565],[-11.388,2.512],[-3.579,1.395],[-2.798,8.786],[-4.445,6.845],[-7.032,1.911],[2.36,-11.522],[5.589,-11.759],[-4.162,-2.691],[-2.116,-0.881],[5.122,-10.273],[16.575,-17.888],[0.892,-1.876],[-2.991,-3.739],[7.183,-10.542],[2.851,-10.876],[-1.657,-1.139],[-1.632,-0.155],[5.386,-10.165],[7.631,-9.37],[4.452,-12.984],[-1.478,-3.364],[-1.541,-2.651],[8.493,-8.153],[8.214,-8.433],[-5.285,-5.556],[-0.863,-1.269],[3.857,-4.663],[4.932,-3.332],[15.516,-10.382],[-2.361,11.849]],"o":[[-0.6,-2.728],[1.578,-2.304],[8.216,-6.879],[-0.308,-8.168],[0.567,-8.509],[4.635,-2.534],[2.597,-3.248],[0,0],[-0.076,-5.702],[8.198,-11.312],[2.013,-3.803],[-0.354,-16.741],[2.497,-9.975],[5.156,-1.375],[2.992,-2.1],[5.325,-11.556],[4.205,-11.565],[3.51,-0.775],[8.853,-3.451],[2.245,-7.051],[4.446,-6.844],[11.711,-3.182],[-2.361,11.521],[-2.999,6.31],[1.867,1.206],[7.703,3.208],[-10.206,20.465],[-1.515,1.636],[-2.929,6.156],[5.334,6.666],[-7.183,10.542],[-0.667,2.545],[1.191,0.821],[9.03,0.858],[-5.387,10.164],[-9.681,11.888],[-1.563,4.561],[1.259,2.864],[3.927,6.755],[-8.492,8.155],[-8.214,8.433],[1.047,1.101],[2.252,3.312],[-3.857,4.664],[-15.487,10.463],[-11.308,7.565],[5.529,-27.763]],"v":[[-117.108,167.355],[-116.019,158.233],[-109.728,152.542],[-98.771,126.862],[-101.233,103.102],[-86.354,78.515],[-72.809,70.784],[-70.117,60.623],[-70.709,16.601],[-66.323,-1.444],[-34.052,-26.863],[-31.983,-37.908],[-31.447,-88.577],[-11.295,-114.034],[3.754,-117.256],[10.183,-125.851],[20.396,-160.271],[46.255,-187.92],[56.633,-189.717],[73.194,-213.124],[82.254,-234.247],[100.732,-249.499],[115.821,-230.201],[100.199,-195.019],[99.125,-178.332],[105.905,-176.374],[103.827,-149.522],[66.378,-90.028],[62.357,-84.838],[68.709,-72.432],[61.204,-41.91],[42.06,-9.921],[42.848,-3.486],[47.552,-2.719],[51.487,20.57],[29.341,48.917],[7.711,86.983],[6.436,99.74],[12.26,106.631],[0.711,133.883],[-26.117,156.539],[-34.962,183.349],[-31.631,186.453],[-35.484,200.629],[-49.375,212.108],[-95.837,243.499],[-108.014,240.832]],"c":true},"ix":2},"nm":"Path 1","mn":"ADBE Vector Shape - Group","hd":false},{"ty":"fl","c":{"a":0,"k":[0.20202998741,0.341176470588,0.209451159309,1],"ix":4},"o":{"a":0,"k":100,"ix":5},"r":1,"bm":0,"nm":"Fill 1","mn":"ADBE Vector Graphic - Fill","hd":false},{"ty":"tr","p":{"a":0,"k":[118.431,252.931],"ix":2},"a":{"a":0,"k":[0,0],"ix":1},"s":{"a":0,"k":[100,100],"ix":3},"r":{"a":0,"k":0,"ix":6},"o":{"a":0,"k":100,"ix":7},"sk":{"a":0,"k":0,"ix":4},"sa":{"a":0,"k":0,"ix":5},"nm":"Transform"}],"nm":"Group 1","np":2,"cix":2,"bm":0,"ix":1,"mn":"ADBE Vector Group","hd":false}],"ip":0,"op":180,"st":0,"bm":0},{"ddd":0,"ind":7,"ty":4,"nm":"Pot_BACK Outlines","parent":4,"sr":1,"ks":{"o":{"a":1,"k":[{"i":{"x":[0.833],"y":[1]},"o":{"x":[0.333],"y":[0]},"t":153,"s":[100]},{"t":179,"s":[2]}],"ix":11},"r":{"a":0,"k":0,"ix":10},"p":{"a":0,"k":[102.497,0.25,0],"ix":2,"l":2},"a":{"a":0,"k":[102.496,16.152,0],"ix":1,"l":2},"s":{"a":0,"k":[100,100,100],"ix":6,"l":2}},"ao":0,"shapes":[{"ty":"gr","it":[{"ind":0,"ty":"sh","ix":1,"ks":{"a":0,"k":{"i":[[0,-8.783],[56.469,0],[0,8.782],[-56.47,0]],"o":[[0,8.782],[-56.47,0],[0,-8.783],[56.469,0]],"v":[[102.247,0],[0,15.902],[-102.247,0],[0,-15.902]],"c":true},"ix":2},"nm":"Path 1","mn":"ADBE Vector Shape - Group","hd":false},{"ty":"fl","c":{"a":0,"k":[0.611999990426,0.611999990426,0.670999983245,1],"ix":4},"o":{"a":0,"k":100,"ix":5},"r":1,"bm":0,"nm":"Fill 1","mn":"ADBE Vector Graphic - Fill","hd":false},{"ty":"tr","p":{"a":0,"k":[102.496,16.152],"ix":2},"a":{"a":0,"k":[0,0],"ix":1},"s":{"a":0,"k":[100,100],"ix":3},"r":{"a":0,"k":0,"ix":6},"o":{"a":0,"k":100,"ix":7},"sk":{"a":0,"k":0,"ix":4},"sa":{"a":0,"k":0,"ix":5},"nm":"Transform"}],"nm":"Group 1","np":2,"cix":2,"bm":0,"ix":1,"mn":"ADBE Vector Group","hd":false}],"ip":0,"op":180,"st":0,"bm":0},{"ddd":0,"ind":8,"ty":4,"nm":"Confirm_ICON Outlines","parent":9,"sr":1,"ks":{"o":{"a":1,"k":[{"i":{"x":[0.833],"y":[1]},"o":{"x":[0.333],"y":[0]},"t":153,"s":[100]},{"t":179,"s":[2]}],"ix":11},"r":{"a":1,"k":[{"i":{"x":[0.667],"y":[1]},"o":{"x":[0.333],"y":[0]},"t":46,"s":[2.611]},{"i":{"x":[0.667],"y":[1]},"o":{"x":[0.333],"y":[0]},"t":54,"s":[-15]},{"i":{"x":[0.667],"y":[1]},"o":{"x":[0.333],"y":[0]},"t":65,"s":[10]},{"i":{"x":[0.667],"y":[1]},"o":{"x":[0.333],"y":[0]},"t":84,"s":[-5]},{"t":106,"s":[2.611]}],"ix":10},"p":{"a":0,"k":[116.957,87.151,0],"ix":2,"l":2},"a":{"a":0,"k":[77.388,58.057,0],"ix":1,"l":2},"s":{"a":1,"k":[{"i":{"x":[0,0,0.667],"y":[0.918,0.918,1]},"o":{"x":[0,0,0.333],"y":[0,0,0]},"t":41,"s":[0,0,100]},{"i":{"x":[0.63,0.63,0.667],"y":[1,1,1]},"o":{"x":[0.298,0.298,0.333],"y":[-0.374,-0.374,0]},"t":52,"s":[105,105,100]},{"t":60,"s":[100,100,100]}],"ix":6,"l":2}},"ao":0,"shapes":[{"ty":"gr","it":[{"ind":0,"ty":"sh","ix":1,"ks":{"a":0,"k":{"i":[[5.862,5.497],[3.716,0],[2.745,-2.928],[0,0],[0,0],[4.443,0],[2.582,-2.073],[0.42,-3.87],[-2.44,-3.034],[0,0],[-2.006,-0.08],[-0.091,0],[-1.311,1.397],[0,0]],"o":[[-2.713,-2.543],[-4.014,0],[0,0],[0,0],[-2.791,-3.478],[-3.306,0],[-3.037,2.444],[-0.42,3.871],[0,0],[1.253,1.569],[0.092,0.004],[1.909,0],[0,0],[5.496,-5.862]],"v":[[70.98,-53.866],[61.011,-57.807],[50.376,-53.201],[-15.438,16.991],[-50.852,-27.409],[-62.229,-32.872],[-71.359,-29.658],[-76.718,-19.869],[-73.584,-9.162],[-22.153,55.207],[-17.02,57.802],[-16.747,57.807],[-11.699,55.621],[71.641,-33.266]],"c":true},"ix":2},"nm":"Path 1","mn":"ADBE Vector Shape - Group","hd":false},{"ty":"fl","c":{"a":0,"k":[0.114105224609,0.709777832031,0.590637207031,1],"ix":4},"o":{"a":0,"k":100,"ix":5},"r":1,"bm":0,"nm":"Fill 1","mn":"ADBE Vector Graphic - Fill","hd":false},{"ty":"tr","p":{"a":0,"k":[77.387,58.057],"ix":2},"a":{"a":0,"k":[0,0],"ix":1},"s":{"a":0,"k":[100,100],"ix":3},"r":{"a":0,"k":0,"ix":6},"o":{"a":0,"k":100,"ix":7},"sk":{"a":0,"k":0,"ix":4},"sa":{"a":0,"k":0,"ix":5},"nm":"Transform"}],"nm":"Group 1","np":2,"cix":2,"bm":0,"ix":1,"mn":"ADBE Vector Group","hd":false}],"ip":30,"op":180,"st":10,"bm":0},{"ddd":0,"ind":9,"ty":4,"nm":"Confirm_MAIN Outlines","sr":1,"ks":{"o":{"a":1,"k":[{"i":{"x":[0.833],"y":[1]},"o":{"x":[0.333],"y":[0]},"t":153,"s":[100]},{"t":179,"s":[2]}],"ix":11},"r":{"a":1,"k":[{"i":{"x":[0.667],"y":[1]},"o":{"x":[0.333],"y":[0]},"t":30,"s":[-64]},{"i":{"x":[0.667],"y":[1]},"o":{"x":[0.333],"y":[0]},"t":41,"s":[7]},{"i":{"x":[0.667],"y":[1]},"o":{"x":[0.333],"y":[0]},"t":50,"s":[-5]},{"i":{"x":[0.667],"y":[0.767]},"o":{"x":[0.333],"y":[0]},"t":60,"s":[3]},{"i":{"x":[0.667],"y":[1]},"o":{"x":[0.333],"y":[-0.8]},"t":74,"s":[-1.5]},{"t":90,"s":[0]}],"ix":10},"p":{"a":1,"k":[{"i":{"x":0,"y":1},"o":{"x":0,"y":0},"t":30,"s":[502.844,494.397,0],"to":[-3.5,-29.667,0],"ti":[-19.667,21.5,0]},{"t":46,"s":[531.844,424.397,0]}],"ix":2,"l":2},"a":{"a":0,"k":[61.537,214.647,0],"ix":1,"l":2},"s":{"a":1,"k":[{"i":{"x":[0,0,0.667],"y":[0.918,0.918,-14.154]},"o":{"x":[0,0,0.333],"y":[0,0,0]},"t":30,"s":[0,0,100]},{"i":{"x":[0.63,0.63,0.667],"y":[1,1,1]},"o":{"x":[0.298,0.298,0.333],"y":[-0.374,-0.374,11.021]},"t":41,"s":[105,105,100]},{"t":49,"s":[100,100,100]}],"ix":6,"l":2}},"ao":0,"shapes":[{"ty":"gr","it":[{"ind":0,"ty":"sh","ix":1,"ks":{"a":0,"k":{"i":[[-13.062,0],[0,0],[0,-13.062],[0,0],[13.061,0],[0,0],[0,0],[0.153,0.489],[0,0],[0,0],[0,13.062],[0,0]],"o":[[0,0],[13.061,0],[0,0],[0,13.062],[0,0],[0,0],[-0.209,-0.569],[0,0],[0,0],[-13.062,0],[0,0],[0,-13.062]],"v":[[-91.195,-107.991],[91.197,-107.991],[114.846,-84.34],[114.846,39.497],[91.197,63.147],[-6.217,63.147],[-53.016,107.991],[-53.56,106.406],[-43.868,63.147],[-91.195,63.147],[-114.846,39.497],[-114.846,-84.34]],"c":true},"ix":2},"nm":"Path 1","mn":"ADBE Vector Shape - Group","hd":false},{"ty":"fl","c":{"a":0,"k":[0.922000002394,0.961000031116,0.987999949736,1],"ix":4},"o":{"a":0,"k":100,"ix":5},"r":1,"bm":0,"nm":"Fill 1","mn":"ADBE Vector Graphic - Fill","hd":false},{"ty":"tr","p":{"a":0,"k":[115.096,108.241],"ix":2},"a":{"a":0,"k":[0,0],"ix":1},"s":{"a":0,"k":[100,100],"ix":3},"r":{"a":0,"k":0,"ix":6},"o":{"a":0,"k":100,"ix":7},"sk":{"a":0,"k":0,"ix":4},"sa":{"a":0,"k":0,"ix":5},"nm":"Transform"}],"nm":"Group 1","np":2,"cix":2,"bm":0,"ix":1,"mn":"ADBE Vector Group","hd":false}],"ip":30,"op":180,"st":30,"bm":0},{"ddd":0,"ind":10,"ty":4,"nm":"Cross_ICON Outlines","parent":11,"sr":1,"ks":{"o":{"a":1,"k":[{"i":{"x":[0.833],"y":[1]},"o":{"x":[0.333],"y":[0]},"t":153,"s":[100]},{"t":179,"s":[2]}],"ix":11},"r":{"a":1,"k":[{"i":{"x":[0.667],"y":[1]},"o":{"x":[0.333],"y":[0]},"t":48,"s":[12]},{"i":{"x":[0.667],"y":[1]},"o":{"x":[0.333],"y":[0]},"t":56,"s":[-6]},{"i":{"x":[0.667],"y":[1]},"o":{"x":[0.333],"y":[0]},"t":66,"s":[10]},{"i":{"x":[0.667],"y":[1]},"o":{"x":[0.333],"y":[0]},"t":77,"s":[-4]},{"t":90,"s":[0]}],"ix":10},"p":{"a":0,"k":[58.354,56.753,0],"ix":2,"l":2},"a":{"a":0,"k":[31.451,31.451,0],"ix":1,"l":2},"s":{"a":1,"k":[{"i":{"x":[0,0,0.667],"y":[0.918,0.918,1]},"o":{"x":[0,0,0.333],"y":[0,0,0]},"t":39,"s":[0,0,100]},{"i":{"x":[0.63,0.63,0.667],"y":[1,1,1]},"o":{"x":[0.298,0.298,0.333],"y":[-0.374,-0.374,0]},"t":50,"s":[105,105,100]},{"t":58,"s":[100,100,100]}],"ix":6,"l":2}},"ao":0,"shapes":[{"ty":"gr","it":[{"ind":0,"ty":"sh","ix":1,"ks":{"a":0,"k":{"i":[[3.467,0],[0,0],[0,0],[1.137,1.135],[1.734,0],[0,0],[0,-3.467],[0,0],[0,0],[0,-3.466],[0,0],[-3.465,0],[0,0],[0,0],[-3.466,0],[0,0],[0,3.467],[0,0],[0,0],[-1.135,1.135],[0,1.733],[0,0]],"o":[[0,0],[0,0],[0,-1.733],[-1.135,-1.136],[0,0],[-3.466,0],[0,0],[0,0],[-3.465,0],[0,0],[0,3.466],[0,0],[0,0],[0,3.467],[0,0],[3.467,0],[0,0],[0,0],[1.733,0],[1.136,-1.136],[0,0],[0,-3.466]],"v":[[24.925,-13.27],[13.27,-13.27],[13.27,-24.924],[11.431,-29.362],[6.993,-31.201],[-6.993,-31.201],[-13.269,-24.924],[-13.269,-13.27],[-24.925,-13.27],[-31.201,-6.994],[-31.201,6.993],[-24.925,13.269],[-13.269,13.269],[-13.269,24.924],[-6.993,31.201],[6.993,31.201],[13.27,24.924],[13.27,13.269],[24.925,13.269],[29.362,11.432],[31.201,6.993],[31.201,-6.994]],"c":true},"ix":2},"nm":"Path 1","mn":"ADBE Vector Shape - Group","hd":false},{"ty":"fl","c":{"a":0,"k":[0.980000035903,0.325,0,1],"ix":4},"o":{"a":0,"k":100,"ix":5},"r":1,"bm":0,"nm":"Fill 1","mn":"ADBE Vector Graphic - Fill","hd":false},{"ty":"tr","p":{"a":0,"k":[31.451,31.451],"ix":2},"a":{"a":0,"k":[0,0],"ix":1},"s":{"a":0,"k":[100,100],"ix":3},"r":{"a":0,"k":0,"ix":6},"o":{"a":0,"k":100,"ix":7},"sk":{"a":0,"k":0,"ix":4},"sa":{"a":0,"k":0,"ix":5},"nm":"Transform"}],"nm":"Group 1","np":2,"cix":2,"bm":0,"ix":1,"mn":"ADBE Vector Group","hd":false}],"ip":33,"op":180,"st":13,"bm":0},{"ddd":0,"ind":11,"ty":4,"nm":"Cross_MAIN Outlines","sr":1,"ks":{"o":{"a":1,"k":[{"i":{"x":[0.833],"y":[1]},"o":{"x":[0.333],"y":[0]},"t":153,"s":[100]},{"t":179,"s":[2]}],"ix":11},"r":{"a":1,"k":[{"i":{"x":[0.667],"y":[1]},"o":{"x":[0.333],"y":[0]},"t":33,"s":[-90]},{"i":{"x":[0.667],"y":[1]},"o":{"x":[0.333],"y":[0]},"t":44,"s":[15]},{"i":{"x":[0.667],"y":[1]},"o":{"x":[0.333],"y":[0]},"t":52,"s":[-5]},{"i":{"x":[0.667],"y":[1]},"o":{"x":[0.333],"y":[0]},"t":61,"s":[3]},{"i":{"x":[0.667],"y":[1]},"o":{"x":[0.333],"y":[0]},"t":72,"s":[-1]},{"t":82,"s":[0]}],"ix":10},"p":{"a":0,"k":[1228.249,523.275,0],"ix":2,"l":2},"a":{"a":0,"k":[58.355,58.355,0],"ix":1,"l":2},"s":{"a":1,"k":[{"i":{"x":[0,0,0.667],"y":[0.918,0.918,1]},"o":{"x":[0,0,0.333],"y":[0,0,0]},"t":33,"s":[0,0,100]},{"i":{"x":[0.63,0.63,0.667],"y":[1,1,1]},"o":{"x":[0.298,0.298,0.333],"y":[-0.374,-0.374,0]},"t":44,"s":[105,105,100]},{"t":52,"s":[100,100,100]}],"ix":6,"l":2}},"ao":0,"shapes":[{"ty":"gr","it":[{"ind":0,"ty":"sh","ix":1,"ks":{"a":0,"k":{"i":[[12.941,0],[0,0],[0,12.943],[0,0],[-12.942,0],[0,0],[0,-12.943],[0,0]],"o":[[0,0],[-12.942,0],[0,0],[0,-12.943],[0,0],[12.941,0],[0,0],[0,12.943]],"v":[[34.669,58.105],[-34.671,58.105],[-58.105,34.67],[-58.105,-34.669],[-34.671,-58.105],[34.669,-58.105],[58.105,-34.669],[58.105,34.67]],"c":true},"ix":2},"nm":"Path 1","mn":"ADBE Vector Shape - Group","hd":false},{"ty":"fl","c":{"a":0,"k":[0.922000002394,0.961000031116,0.987999949736,1],"ix":4},"o":{"a":0,"k":100,"ix":5},"r":1,"bm":0,"nm":"Fill 1","mn":"ADBE Vector Graphic - Fill","hd":false},{"ty":"tr","p":{"a":0,"k":[58.355,58.355],"ix":2},"a":{"a":0,"k":[0,0],"ix":1},"s":{"a":0,"k":[100,100],"ix":3},"r":{"a":0,"k":0,"ix":6},"o":{"a":0,"k":100,"ix":7},"sk":{"a":0,"k":0,"ix":4},"sa":{"a":0,"k":0,"ix":5},"nm":"Transform"}],"nm":"Group 1","np":2,"cix":2,"bm":0,"ix":1,"mn":"ADBE Vector Group","hd":false}],"ip":33,"op":180,"st":13,"bm":0},{"ddd":0,"ind":12,"ty":4,"nm":"Account_ICON Outlines","parent":20,"sr":1,"ks":{"o":{"a":1,"k":[{"i":{"x":[0],"y":[1]},"o":{"x":[0],"y":[0]},"t":41,"s":[0]},{"i":{"x":[0.667],"y":[24.561]},"o":{"x":[0.333],"y":[0]},"t":71,"s":[100]},{"i":{"x":[0.833],"y":[1]},"o":{"x":[0.333],"y":[0.076]},"t":153,"s":[100]},{"t":179,"s":[2]}],"ix":11},"r":{"a":0,"k":0,"ix":10},"p":{"a":0,"k":[358.087,193.597,0],"ix":2,"l":2},"a":{"a":0,"k":[74.274,75.562,0],"ix":1,"l":2},"s":{"a":1,"k":[{"i":{"x":[0,0,0.667],"y":[1,1,1]},"o":{"x":[0,0,0.333],"y":[0,0,0]},"t":41,"s":[50,50,100]},{"t":71,"s":[100,100,100]}],"ix":6,"l":2}},"ao":0,"shapes":[{"ty":"gr","it":[{"ind":0,"ty":"sh","ix":1,"ks":{"a":0,"k":{"i":[[-2.74,14.162],[-12.813,-0.169],[2.74,-14.162],[12.803,0.169]],"o":[[2.739,-14.162],[12.803,0.169],[-2.74,14.162],[-12.814,-0.168]],"v":[[-9.542,-28.583],[18.656,-53.971],[36.903,-27.97],[8.715,-2.581]],"c":true},"ix":2},"nm":"Path 1","mn":"ADBE Vector Shape - Group","hd":false},{"ind":1,"ty":"sh","ix":2,"ks":{"a":0,"k":{"i":[[15.969,6.903],[-2.526,13.059],[15.825,0.208],[3.388,-17.506],[-9.265,-5.004],[6.721,-26.171],[-1.572,-1.405],[-20.654,-0.272],[5.444,-30.414],[-2.014,1.553]],"o":[[11.161,-4.735],[3.386,-17.506],[-15.825,-0.209],[-2.525,13.06],[-18.551,6.448],[1.407,1.585],[6.328,-30.39],[20.665,0.273],[2.108,-1.357],[3.413,-26.214]],"v":[[19.355,1.044],[42.379,-27.897],[19.828,-60.029],[-15.02,-28.654],[-3.281,0.747],[-45.765,54.745],[-41.307,59.224],[7.288,4.797],[34.618,60.237],[40.785,55.885]],"c":true},"ix":2},"nm":"Path 2","mn":"ADBE Vector Shape - Group","hd":false},{"ty":"mm","mm":1,"nm":"Merge Paths 1","mn":"ADBE Vector Filter - Merge","hd":false},{"ty":"fl","c":{"a":0,"k":[0.976000019148,0.984000052658,0.987999949736,1],"ix":4},"o":{"a":0,"k":100,"ix":5},"r":1,"bm":0,"nm":"Fill 1","mn":"ADBE Vector Graphic - Fill","hd":false},{"ty":"tr","p":{"a":0,"k":[63.842,78.097],"ix":2},"a":{"a":0,"k":[0,0],"ix":1},"s":{"a":0,"k":[100,100],"ix":3},"r":{"a":0,"k":0,"ix":6},"o":{"a":0,"k":100,"ix":7},"sk":{"a":0,"k":0,"ix":4},"sa":{"a":0,"k":0,"ix":5},"nm":"Transform"}],"nm":"Group 1","np":4,"cix":2,"bm":0,"ix":1,"mn":"ADBE Vector Group","hd":false},{"ty":"gr","it":[{"ind":0,"ty":"sh","ix":1,"ks":{"a":0,"k":{"i":[[8.011,-41.408],[17.628,-13.541],[2.107,-1.356],[14.061,0.186],[9.262,8.26],[1.406,1.585],[-4.49,23.212],[-37.431,-0.494]],"o":[[-4.49,23.211],[-2.013,1.553],[-12.402,7.975],[-14.073,-0.185],[-1.572,-1.405],[-12.311,-13.948],[8.011,-41.408],[37.433,0.493]],"v":[[66.013,1.041],[30.353,58.421],[24.186,62.772],[-16.258,75.126],[-51.739,61.759],[-56.197,57.28],[-69.534,-0.746],[12.746,-74.817]],"c":true},"ix":2},"nm":"Path 1","mn":"ADBE Vector Shape - Group","hd":false},{"ty":"fl","c":{"a":0,"k":[0.689999988032,0.783999992819,0.870999983245,1],"ix":4},"o":{"a":0,"k":100,"ix":5},"r":1,"bm":0,"nm":"Fill 1","mn":"ADBE Vector Graphic - Fill","hd":false},{"ty":"tr","p":{"a":0,"k":[74.274,75.562],"ix":2},"a":{"a":0,"k":[0,0],"ix":1},"s":{"a":0,"k":[100,100],"ix":3},"r":{"a":0,"k":0,"ix":6},"o":{"a":0,"k":100,"ix":7},"sk":{"a":0,"k":0,"ix":4},"sa":{"a":0,"k":0,"ix":5},"nm":"Transform"}],"nm":"Group 2","np":2,"cix":2,"bm":0,"ix":2,"mn":"ADBE Vector Group","hd":false}],"ip":41,"op":180,"st":-19,"bm":0},{"ddd":0,"ind":13,"ty":4,"nm":"Shape Layer 2","parent":20,"sr":1,"ks":{"o":{"a":1,"k":[{"i":{"x":[0],"y":[1]},"o":{"x":[0],"y":[0]},"t":43,"s":[0]},{"i":{"x":[0.616],"y":[25.495]},"o":{"x":[0.17],"y":[0]},"t":84,"s":[100]},{"i":{"x":[0.833],"y":[1]},"o":{"x":[0.351],"y":[0.086]},"t":153,"s":[100]},{"t":179,"s":[2]}],"ix":11},"r":{"a":0,"k":0,"ix":10},"p":{"a":1,"k":[{"i":{"x":0,"y":1},"o":{"x":0,"y":0},"t":43,"s":[198.247,317.571,0],"to":[0.111,-3.331,0],"ti":[-0.111,3.331,0]},{"t":84,"s":[198.913,297.582,0]}],"ix":2,"l":2},"a":{"a":0,"k":[-74,147,0],"ix":1,"l":2},"s":{"a":0,"k":[100,100,100],"ix":6,"l":2}},"ao":0,"shapes":[{"ty":"gr","it":[{"ind":0,"ty":"sh","ix":1,"ks":{"a":0,"k":{"i":[[0,0],[0,0]],"o":[[0,0],[0,0]],"v":[[-74,147],[185,159]],"c":false},"ix":2},"nm":"Path 1","mn":"ADBE Vector Shape - Group","hd":false},{"ty":"st","c":{"a":0,"k":[0.690196078431,0.78431372549,0.870588235294,1],"ix":3},"o":{"a":0,"k":100,"ix":4},"w":{"a":0,"k":10,"ix":5},"lc":2,"lj":1,"ml":4,"bm":0,"nm":"Stroke 1","mn":"ADBE Vector Graphic - Stroke","hd":false},{"ty":"tr","p":{"a":0,"k":[0,0],"ix":2},"a":{"a":0,"k":[0,0],"ix":1},"s":{"a":0,"k":[100,100],"ix":3},"r":{"a":0,"k":0,"ix":6},"o":{"a":0,"k":100,"ix":7},"sk":{"a":0,"k":0,"ix":4},"sa":{"a":0,"k":0,"ix":5},"nm":"Transform"}],"nm":"Shape 1","np":3,"cix":2,"bm":0,"ix":1,"mn":"ADBE Vector Group","hd":false},{"ty":"tm","s":{"a":0,"k":0,"ix":1},"e":{"a":1,"k":[{"i":{"x":[0],"y":[1]},"o":{"x":[0],"y":[0]},"t":43,"s":[0]},{"t":65,"s":[100]}],"ix":2},"o":{"a":0,"k":0,"ix":3},"m":1,"ix":2,"nm":"Trim Paths 1","mn":"ADBE Vector Filter - Trim","hd":false}],"ip":43,"op":180,"st":-17,"bm":0},{"ddd":0,"ind":14,"ty":4,"nm":"Shape Layer 3","parent":20,"sr":1,"ks":{"o":{"a":1,"k":[{"i":{"x":[0],"y":[1]},"o":{"x":[0],"y":[0]},"t":46,"s":[0]},{"i":{"x":[0.614],"y":[25.944]},"o":{"x":[0.17],"y":[0]},"t":87,"s":[100]},{"i":{"x":[0.833],"y":[1]},"o":{"x":[0.352],"y":[0.091]},"t":153,"s":[100]},{"t":179,"s":[2]}],"ix":11},"r":{"a":0,"k":0,"ix":10},"p":{"a":1,"k":[{"i":{"x":0,"y":1},"o":{"x":0,"y":0},"t":46,"s":[188.747,353.571,0],"to":[0.111,-3.331,0],"ti":[-0.111,3.331,0]},{"t":87,"s":[189.413,333.582,0]}],"ix":2,"l":2},"a":{"a":0,"k":[-74,147,0],"ix":1,"l":2},"s":{"a":0,"k":[100,100,100],"ix":6,"l":2}},"ao":0,"shapes":[{"ty":"gr","it":[{"ind":0,"ty":"sh","ix":1,"ks":{"a":0,"k":{"i":[[0,0],[0,0]],"o":[[0,0],[0,0]],"v":[[-74,147],[185,159]],"c":false},"ix":2},"nm":"Path 1","mn":"ADBE Vector Shape - Group","hd":false},{"ty":"st","c":{"a":0,"k":[0.690196078431,0.78431372549,0.870588235294,1],"ix":3},"o":{"a":0,"k":100,"ix":4},"w":{"a":0,"k":10,"ix":5},"lc":2,"lj":1,"ml":4,"bm":0,"nm":"Stroke 1","mn":"ADBE Vector Graphic - Stroke","hd":false},{"ty":"tr","p":{"a":0,"k":[0,0],"ix":2},"a":{"a":0,"k":[0,0],"ix":1},"s":{"a":0,"k":[100,100],"ix":3},"r":{"a":0,"k":0,"ix":6},"o":{"a":0,"k":100,"ix":7},"sk":{"a":0,"k":0,"ix":4},"sa":{"a":0,"k":0,"ix":5},"nm":"Transform"}],"nm":"Shape 1","np":3,"cix":2,"bm":0,"ix":1,"mn":"ADBE Vector Group","hd":false},{"ty":"tm","s":{"a":0,"k":0,"ix":1},"e":{"a":1,"k":[{"i":{"x":[0],"y":[1]},"o":{"x":[0],"y":[0]},"t":46,"s":[0]},{"t":68,"s":[100]}],"ix":2},"o":{"a":0,"k":0,"ix":3},"m":1,"ix":2,"nm":"Trim Paths 1","mn":"ADBE Vector Filter - Trim","hd":false}],"ip":46,"op":180,"st":-14,"bm":0},{"ddd":0,"ind":15,"ty":4,"nm":"Shape Layer 5","parent":20,"sr":1,"ks":{"o":{"a":1,"k":[{"i":{"x":[0],"y":[1]},"o":{"x":[0],"y":[0]},"t":49,"s":[0]},{"i":{"x":[0.613],"y":[26.401]},"o":{"x":[0.17],"y":[0]},"t":90,"s":[100]},{"i":{"x":[0.833],"y":[1]},"o":{"x":[0.352],"y":[0.097]},"t":153,"s":[100]},{"t":179,"s":[2]}],"ix":11},"r":{"a":0,"k":0,"ix":10},"p":{"a":1,"k":[{"i":{"x":0,"y":1},"o":{"x":0,"y":0},"t":49,"s":[178.247,393.071,0],"to":[0.111,-3.331,0],"ti":[-0.111,3.331,0]},{"t":90,"s":[178.913,373.082,0]}],"ix":2,"l":2},"a":{"a":0,"k":[-74,147,0],"ix":1,"l":2},"s":{"a":0,"k":[100,100,100],"ix":6,"l":2}},"ao":0,"shapes":[{"ty":"gr","it":[{"ind":0,"ty":"sh","ix":1,"ks":{"a":0,"k":{"i":[[0,0],[0,0]],"o":[[0,0],[0,0]],"v":[[-74,147],[185,159]],"c":false},"ix":2},"nm":"Path 1","mn":"ADBE Vector Shape - Group","hd":false},{"ty":"st","c":{"a":0,"k":[0.690196078431,0.78431372549,0.870588235294,1],"ix":3},"o":{"a":0,"k":100,"ix":4},"w":{"a":0,"k":10,"ix":5},"lc":2,"lj":1,"ml":4,"bm":0,"nm":"Stroke 1","mn":"ADBE Vector Graphic - Stroke","hd":false},{"ty":"tr","p":{"a":0,"k":[0,0],"ix":2},"a":{"a":0,"k":[0,0],"ix":1},"s":{"a":0,"k":[100,100],"ix":3},"r":{"a":0,"k":0,"ix":6},"o":{"a":0,"k":100,"ix":7},"sk":{"a":0,"k":0,"ix":4},"sa":{"a":0,"k":0,"ix":5},"nm":"Transform"}],"nm":"Shape 1","np":3,"cix":2,"bm":0,"ix":1,"mn":"ADBE Vector Group","hd":false},{"ty":"tm","s":{"a":0,"k":0,"ix":1},"e":{"a":1,"k":[{"i":{"x":[0],"y":[1]},"o":{"x":[0],"y":[0]},"t":49,"s":[0]},{"t":71,"s":[39]}],"ix":2},"o":{"a":0,"k":0,"ix":3},"m":1,"ix":2,"nm":"Trim Paths 2","mn":"ADBE Vector Filter - Trim","hd":false}],"ip":49,"op":180,"st":-11,"bm":0},{"ddd":0,"ind":16,"ty":4,"nm":"Shape Layer 6","parent":20,"sr":1,"ks":{"o":{"a":1,"k":[{"i":{"x":[0],"y":[1]},"o":{"x":[0],"y":[0]},"t":49,"s":[0]},{"i":{"x":[0.613],"y":[26.401]},"o":{"x":[0.17],"y":[0]},"t":90,"s":[100]},{"i":{"x":[0.833],"y":[1]},"o":{"x":[0.352],"y":[0.097]},"t":153,"s":[100]},{"t":179,"s":[2]}],"ix":11},"r":{"a":0,"k":0,"ix":10},"p":{"a":1,"k":[{"i":{"x":0,"y":1},"o":{"x":0,"y":0},"t":49,"s":[310.747,399.571,0],"to":[0.111,-3.331,0],"ti":[-0.111,3.331,0]},{"t":90,"s":[311.413,379.582,0]}],"ix":2,"l":2},"a":{"a":0,"k":[-74,147,0],"ix":1,"l":2},"s":{"a":0,"k":[100,100,100],"ix":6,"l":2}},"ao":0,"shapes":[{"ty":"gr","it":[{"ind":0,"ty":"sh","ix":1,"ks":{"a":0,"k":{"i":[[0,0],[0,0]],"o":[[0,0],[0,0]],"v":[[-74,147],[185,159]],"c":false},"ix":2},"nm":"Path 1","mn":"ADBE Vector Shape - Group","hd":false},{"ty":"st","c":{"a":0,"k":[0.690196078431,0.78431372549,0.870588235294,1],"ix":3},"o":{"a":0,"k":100,"ix":4},"w":{"a":0,"k":10,"ix":5},"lc":2,"lj":1,"ml":4,"bm":0,"nm":"Stroke 1","mn":"ADBE Vector Graphic - Stroke","hd":false},{"ty":"tr","p":{"a":0,"k":[0,0],"ix":2},"a":{"a":0,"k":[0,0],"ix":1},"s":{"a":0,"k":[100,100],"ix":3},"r":{"a":0,"k":0,"ix":6},"o":{"a":0,"k":100,"ix":7},"sk":{"a":0,"k":0,"ix":4},"sa":{"a":0,"k":0,"ix":5},"nm":"Transform"}],"nm":"Shape 1","np":3,"cix":2,"bm":0,"ix":1,"mn":"ADBE Vector Group","hd":false},{"ty":"tm","s":{"a":0,"k":0,"ix":1},"e":{"a":1,"k":[{"i":{"x":[0],"y":[1]},"o":{"x":[0],"y":[0]},"t":49,"s":[0]},{"t":71,"s":[48]}],"ix":2},"o":{"a":0,"k":0,"ix":3},"m":1,"ix":2,"nm":"Trim Paths 2","mn":"ADBE Vector Filter - Trim","hd":false}],"ip":49,"op":180,"st":-11,"bm":0},{"ddd":0,"ind":17,"ty":4,"nm":"Shape Layer 8","parent":20,"sr":1,"ks":{"o":{"a":1,"k":[{"i":{"x":[0],"y":[1]},"o":{"x":[0],"y":[0]},"t":53,"s":[0]},{"i":{"x":[0.611],"y":[27.018]},"o":{"x":[0.17],"y":[0]},"t":94,"s":[100]},{"i":{"x":[0.833],"y":[1]},"o":{"x":[0.352],"y":[0.106]},"t":153,"s":[100]},{"t":179,"s":[2]}],"ix":11},"r":{"a":0,"k":0,"ix":10},"p":{"a":1,"k":[{"i":{"x":0,"y":1},"o":{"x":0,"y":0},"t":53,"s":[324.747,439.571,0],"to":[0.111,-3.331,0],"ti":[-0.111,3.331,0]},{"t":94,"s":[325.413,419.582,0]}],"ix":2,"l":2},"a":{"a":0,"k":[-74,147,0],"ix":1,"l":2},"s":{"a":0,"k":[100,100,100],"ix":6,"l":2}},"ao":0,"shapes":[{"ty":"gr","it":[{"ind":0,"ty":"sh","ix":1,"ks":{"a":0,"k":{"i":[[0,0],[0,0]],"o":[[0,0],[0,0]],"v":[[-74,147],[185,159]],"c":false},"ix":2},"nm":"Path 1","mn":"ADBE Vector Shape - Group","hd":false},{"ty":"st","c":{"a":0,"k":[0.690196078431,0.78431372549,0.870588235294,1],"ix":3},"o":{"a":0,"k":100,"ix":4},"w":{"a":0,"k":10,"ix":5},"lc":2,"lj":1,"ml":4,"bm":0,"nm":"Stroke 1","mn":"ADBE Vector Graphic - Stroke","hd":false},{"ty":"tr","p":{"a":0,"k":[0,0],"ix":2},"a":{"a":0,"k":[0,0],"ix":1},"s":{"a":0,"k":[100,100],"ix":3},"r":{"a":0,"k":0,"ix":6},"o":{"a":0,"k":100,"ix":7},"sk":{"a":0,"k":0,"ix":4},"sa":{"a":0,"k":0,"ix":5},"nm":"Transform"}],"nm":"Shape 1","np":3,"cix":2,"bm":0,"ix":1,"mn":"ADBE Vector Group","hd":false},{"ty":"tm","s":{"a":0,"k":0,"ix":1},"e":{"a":1,"k":[{"i":{"x":[0],"y":[1]},"o":{"x":[0],"y":[0]},"t":53,"s":[0]},{"t":75,"s":[41]}],"ix":2},"o":{"a":0,"k":0,"ix":3},"m":1,"ix":2,"nm":"Trim Paths 2","mn":"ADBE Vector Filter - Trim","hd":false}],"ip":53,"op":180,"st":-7,"bm":0},{"ddd":0,"ind":18,"ty":4,"nm":"Shape Layer 7","parent":20,"sr":1,"ks":{"o":{"a":1,"k":[{"i":{"x":[0],"y":[1]},"o":{"x":[0],"y":[0]},"t":53,"s":[0]},{"i":{"x":[0.611],"y":[27.018]},"o":{"x":[0.17],"y":[0]},"t":94,"s":[100]},{"i":{"x":[0.833],"y":[1]},"o":{"x":[0.352],"y":[0.106]},"t":153,"s":[100]},{"t":179,"s":[2]}],"ix":11},"r":{"a":0,"k":0,"ix":10},"p":{"a":1,"k":[{"i":{"x":0,"y":1},"o":{"x":0,"y":0},"t":53,"s":[167.247,432.071,0],"to":[0.111,-3.331,0],"ti":[-0.111,3.331,0]},{"t":94,"s":[167.913,412.082,0]}],"ix":2,"l":2},"a":{"a":0,"k":[-74,147,0],"ix":1,"l":2},"s":{"a":0,"k":[100,100,100],"ix":6,"l":2}},"ao":0,"shapes":[{"ty":"gr","it":[{"ind":0,"ty":"sh","ix":1,"ks":{"a":0,"k":{"i":[[0,0],[0,0]],"o":[[0,0],[0,0]],"v":[[-74,147],[185,159]],"c":false},"ix":2},"nm":"Path 1","mn":"ADBE Vector Shape - Group","hd":false},{"ty":"st","c":{"a":0,"k":[0.690196078431,0.78431372549,0.870588235294,1],"ix":3},"o":{"a":0,"k":100,"ix":4},"w":{"a":0,"k":10,"ix":5},"lc":2,"lj":1,"ml":4,"bm":0,"nm":"Stroke 1","mn":"ADBE Vector Graphic - Stroke","hd":false},{"ty":"tr","p":{"a":0,"k":[0,0],"ix":2},"a":{"a":0,"k":[0,0],"ix":1},"s":{"a":0,"k":[100,100],"ix":3},"r":{"a":0,"k":0,"ix":6},"o":{"a":0,"k":100,"ix":7},"sk":{"a":0,"k":0,"ix":4},"sa":{"a":0,"k":0,"ix":5},"nm":"Transform"}],"nm":"Shape 1","np":3,"cix":2,"bm":0,"ix":1,"mn":"ADBE Vector Group","hd":false},{"ty":"tm","s":{"a":0,"k":0,"ix":1},"e":{"a":1,"k":[{"i":{"x":[0],"y":[1]},"o":{"x":[0],"y":[0]},"t":53,"s":[0]},{"t":75,"s":[48]}],"ix":2},"o":{"a":0,"k":0,"ix":3},"m":1,"ix":2,"nm":"Trim Paths 2","mn":"ADBE Vector Filter - Trim","hd":false}],"ip":53,"op":180,"st":-7,"bm":0},{"ddd":0,"ind":19,"ty":4,"nm":"Shape Layer 4","parent":20,"sr":1,"ks":{"o":{"a":1,"k":[{"i":{"x":[0],"y":[1]},"o":{"x":[0],"y":[0]},"t":54,"s":[0]},{"i":{"x":[0.61],"y":[27.174]},"o":{"x":[0.17],"y":[0]},"t":95,"s":[100]},{"i":{"x":[0.833],"y":[1]},"o":{"x":[0.352],"y":[0.108]},"t":153,"s":[100]},{"t":179,"s":[2]}],"ix":11},"r":{"a":0,"k":0,"ix":10},"p":{"a":1,"k":[{"i":{"x":0,"y":1},"o":{"x":0,"y":0},"t":54,"s":[156.747,470.071,0],"to":[0.111,-3.331,0],"ti":[-0.111,3.331,0]},{"t":95,"s":[157.413,450.082,0]}],"ix":2,"l":2},"a":{"a":0,"k":[-74,147,0],"ix":1,"l":2},"s":{"a":0,"k":[100,100,100],"ix":6,"l":2}},"ao":0,"shapes":[{"ty":"gr","it":[{"ind":0,"ty":"sh","ix":1,"ks":{"a":0,"k":{"i":[[0,0],[0,0]],"o":[[0,0],[0,0]],"v":[[-74,147],[185,159]],"c":false},"ix":2},"nm":"Path 1","mn":"ADBE Vector Shape - Group","hd":false},{"ty":"st","c":{"a":0,"k":[0.690196078431,0.78431372549,0.870588235294,1],"ix":3},"o":{"a":0,"k":100,"ix":4},"w":{"a":0,"k":10,"ix":5},"lc":2,"lj":1,"ml":4,"bm":0,"nm":"Stroke 1","mn":"ADBE Vector Graphic - Stroke","hd":false},{"ty":"tr","p":{"a":0,"k":[0,0],"ix":2},"a":{"a":0,"k":[0,0],"ix":1},"s":{"a":0,"k":[100,100],"ix":3},"r":{"a":0,"k":0,"ix":6},"o":{"a":0,"k":100,"ix":7},"sk":{"a":0,"k":0,"ix":4},"sa":{"a":0,"k":0,"ix":5},"nm":"Transform"}],"nm":"Shape 1","np":3,"cix":2,"bm":0,"ix":1,"mn":"ADBE Vector Group","hd":false},{"ty":"tm","s":{"a":0,"k":0,"ix":1},"e":{"a":1,"k":[{"i":{"x":[0],"y":[1]},"o":{"x":[0],"y":[0]},"t":54,"s":[0]},{"t":76,"s":[100]}],"ix":2},"o":{"a":0,"k":0,"ix":3},"m":1,"ix":2,"nm":"Trim Paths 1","mn":"ADBE Vector Filter - Trim","hd":false}],"ip":54,"op":180,"st":-6,"bm":0},{"ddd":0,"ind":20,"ty":4,"nm":"Tablet_BIG Outlines 2","sr":1,"ks":{"o":{"a":1,"k":[{"i":{"x":[0.833],"y":[1]},"o":{"x":[0.333],"y":[0]},"t":153,"s":[100]},{"t":179,"s":[2]}],"ix":11},"r":{"a":1,"k":[{"i":{"x":[0],"y":[1]},"o":{"x":[0],"y":[0]},"t":30,"s":[-15]},{"t":94,"s":[0]}],"ix":10},"p":{"a":0,"k":[869.235,677.042,0],"ix":2,"l":2},"a":{"a":0,"k":[320.148,371.336,0],"ix":1,"l":2},"s":{"a":1,"k":[{"i":{"x":[0,0,0.667],"y":[1,1,1]},"o":{"x":[0,0,0.333],"y":[0,0,0]},"t":30,"s":[0,0,100]},{"t":60,"s":[100,100,100]}],"ix":6,"l":2}},"ao":0,"shapes":[{"ty":"gr","it":[{"ind":0,"ty":"sh","ix":1,"ks":{"a":0,"k":{"i":[[-1.385,4.999],[4.999,0],[1.385,-4.999],[-4.998,0]],"o":[[1.385,-4.999],[-4.998,0],[-1.385,4.999],[4.998,0]],"v":[[9.051,0],[2.508,-9.05],[-9.05,0],[-2.508,9.05]],"c":true},"ix":2},"nm":"Path 1","mn":"ADBE Vector Shape - Group","hd":false},{"ty":"st","c":{"a":0,"k":[0.305999995213,0.313999998803,0.380000005984,1],"ix":3},"o":{"a":0,"k":100,"ix":4},"w":{"a":0,"k":4,"ix":5},"lc":1,"lj":1,"ml":10,"bm":0,"nm":"Stroke 1","mn":"ADBE Vector Graphic - Stroke","hd":false},{"ty":"fl","c":{"a":0,"k":[0.560999971278,0.569000004787,0.626999978458,1],"ix":4},"o":{"a":0,"k":100,"ix":5},"r":1,"bm":0,"nm":"Fill 1","mn":"ADBE Vector Graphic - Fill","hd":false},{"ty":"tr","p":{"a":0,"k":[395.679,39.541],"ix":2},"a":{"a":0,"k":[0,0],"ix":1},"s":{"a":0,"k":[100,100],"ix":3},"r":{"a":0,"k":0,"ix":6},"o":{"a":0,"k":100,"ix":7},"sk":{"a":0,"k":0,"ix":4},"sa":{"a":0,"k":0,"ix":5},"nm":"Transform"}],"nm":"Group 8","np":3,"cix":2,"bm":0,"ix":8,"mn":"ADBE Vector Group","hd":false},{"ty":"gr","it":[{"ind":0,"ty":"sh","ix":1,"ks":{"a":0,"k":{"i":[[7.76,0.369],[0,0],[-2.244,7.637],[0,0],[-7.759,-0.369],[0,0],[2.243,-7.638],[0,0]],"o":[[0,0],[-7.759,-0.369],[0,0],[2.243,-7.637],[0,0],[7.76,0.369],[0,0],[-2.243,7.638]],"v":[[87.986,288.842],[-252.905,272.619],[-262.893,258.123],[-106.098,-275.683],[-87.987,-288.842],[252.905,-272.62],[262.893,-258.123],[106.098,275.682]],"c":true},"ix":2},"nm":"Path 1","mn":"ADBE Vector Shape - Group","hd":false},{"ty":"fl","c":{"a":0,"k":[0.976000019148,0.984000052658,0.987999949736,1],"ix":4},"o":{"a":0,"k":100,"ix":5},"r":1,"bm":0,"nm":"Fill 1","mn":"ADBE Vector Graphic - Fill","hd":false},{"ty":"tr","p":{"a":0,"k":[320.321,350.064],"ix":2},"a":{"a":0,"k":[0,0],"ix":1},"s":{"a":0,"k":[100,100],"ix":3},"r":{"a":0,"k":0,"ix":6},"o":{"a":0,"k":100,"ix":7},"sk":{"a":0,"k":0,"ix":4},"sa":{"a":0,"k":0,"ix":5},"nm":"Transform"}],"nm":"Group 9","np":2,"cix":2,"bm":0,"ix":9,"mn":"ADBE Vector Group","hd":false},{"ty":"gr","it":[{"ind":0,"ty":"sh","ix":1,"ks":{"a":0,"k":{"i":[[9.357,0.448],[0,0],[-2.711,9.38],[0,0],[-9.356,-0.448],[0,0],[2.71,-9.38],[0,0]],"o":[[0,0],[-9.356,-0.448],[0,0],[2.711,-9.38],[0,0],[9.356,0.449],[0,0],[-2.71,9.38]],"v":[[105.883,354.635],[-305.154,334.964],[-317.187,317.169],[-127.733,-338.462],[-105.884,-354.635],[305.154,-334.964],[317.188,-317.169],[127.733,338.462]],"c":true},"ix":2},"nm":"Path 1","mn":"ADBE Vector Shape - Group","hd":false},{"ty":"fl","c":{"a":0,"k":[0.39199999641,0.395999983245,0.470999983245,1],"ix":4},"o":{"a":0,"k":100,"ix":5},"r":1,"bm":0,"nm":"Fill 1","mn":"ADBE Vector Graphic - Fill","hd":false},{"ty":"tr","p":{"a":0,"k":[320.148,355.333],"ix":2},"a":{"a":0,"k":[0,0],"ix":1},"s":{"a":0,"k":[100,100],"ix":3},"r":{"a":0,"k":0,"ix":6},"o":{"a":0,"k":100,"ix":7},"sk":{"a":0,"k":0,"ix":4},"sa":{"a":0,"k":0,"ix":5},"nm":"Transform"}],"nm":"Group 10","np":2,"cix":2,"bm":0,"ix":10,"mn":"ADBE Vector Group","hd":false}],"ip":0,"op":180,"st":0,"bm":0},{"ddd":0,"ind":21,"ty":4,"nm":"BG_MAIN Outlines 2","td":1,"sr":1,"ks":{"o":{"a":0,"k":2,"ix":11},"r":{"a":0,"k":0,"ix":10},"p":{"a":0,"k":[723.857,738.717,0],"ix":2,"l":2},"a":{"a":0,"k":[497.662,497.662,0],"ix":1,"l":2},"s":{"a":0,"k":[100,100,100],"ix":6,"l":2}},"ao":0,"shapes":[{"ty":"gr","it":[{"ind":0,"ty":"sh","ix":1,"ks":{"a":0,"k":{"i":[[0,-82.762],[274.719,0],[15.996,1.558],[2.272,0.254],[38.866,14.946],[11.153,5.283],[28.199,21.797],[2.883,2.341],[0,156.286],[-274.708,0],[-85.183,-68.369],[-32.061,-61.576]],"o":[[0,274.708],[-16.4,0],[-2.284,-0.219],[-42.88,-4.74],[-11.579,-4.452],[-32.534,-15.396],[-2.941,-2.273],[-112.713,-91.17],[0,-274.719],[117.73,0],[53.71,43.099],[35.765,68.645]],"v":[[497.412,0],[0,497.412],[-48.612,495.059],[-55.463,494.344],[-178.429,464.451],[-212.545,449.837],[-303.875,393.822],[-312.617,386.902],[-497.412,0],[0,-497.412],[311.094,-388.147],[441.441,-229.44]],"c":true},"ix":2},"nm":"Path 1","mn":"ADBE Vector Shape - Group","hd":false},{"ty":"fl","c":{"a":0,"k":[0.114125330308,0.709803921569,0.590668203316,1],"ix":4},"o":{"a":0,"k":100,"ix":5},"r":1,"bm":0,"nm":"Fill 1","mn":"ADBE Vector Graphic - Fill","hd":false},{"ty":"tr","p":{"a":0,"k":[497.662,497.662],"ix":2},"a":{"a":0,"k":[0,0],"ix":1},"s":{"a":0,"k":[100,100],"ix":3},"r":{"a":0,"k":0,"ix":6},"o":{"a":0,"k":100,"ix":7},"sk":{"a":0,"k":0,"ix":4},"sa":{"a":0,"k":0,"ix":5},"nm":"Transform"}],"nm":"Group 1","np":2,"cix":2,"bm":0,"ix":1,"mn":"ADBE Vector Group","hd":false}],"ip":0,"op":180,"st":0,"bm":0},{"ddd":0,"ind":22,"ty":4,"nm":"Tablet_Shadow","parent":20,"tt":1,"sr":1,"ks":{"o":{"a":1,"k":[{"i":{"x":[0.833],"y":[1]},"o":{"x":[0.333],"y":[0]},"t":153,"s":[50]},{"t":179,"s":[2]}],"ix":11},"r":{"a":0,"k":0,"ix":10},"p":{"a":0,"k":[200.351,445.031,0],"ix":2,"l":2},"a":{"a":0,"k":[0,0,0],"ix":1,"l":2},"s":{"a":0,"k":[100,100,100],"ix":6,"l":2}},"ao":0,"shapes":[{"ty":"gr","it":[{"ind":0,"ty":"sh","ix":1,"ks":{"a":0,"k":{"i":[[9.357,0.448],[0,0],[-2.711,9.38],[0,0],[-9.356,-0.448],[0,0],[2.71,-9.38],[0,0]],"o":[[0,0],[-9.356,-0.448],[0,0],[2.711,-9.38],[0,0],[9.356,0.449],[0,0],[-2.71,9.38]],"v":[[105.883,354.635],[-305.154,334.964],[-317.187,317.169],[-127.733,-338.462],[-105.884,-354.635],[305.154,-334.964],[317.188,-317.169],[127.733,338.462]],"c":true},"ix":2},"nm":"Path 1","mn":"ADBE Vector Shape - Group","hd":false},{"ty":"fl","c":{"a":0,"k":[0.077508642159,0.494117647059,0.479413799211,1],"ix":4},"o":{"a":0,"k":100,"ix":5},"r":1,"bm":0,"nm":"Fill 1","mn":"ADBE Vector Graphic - Fill","hd":false},{"ty":"tr","p":{"a":0,"k":[138.148,-58.667],"ix":2},"a":{"a":0,"k":[0,0],"ix":1},"s":{"a":0,"k":[100,100],"ix":3},"r":{"a":0,"k":0,"ix":6},"o":{"a":0,"k":100,"ix":7},"sk":{"a":0,"k":0,"ix":4},"sa":{"a":0,"k":0,"ix":5},"nm":"Transform"}],"nm":"Group 10","np":2,"cix":2,"bm":0,"ix":1,"mn":"ADBE Vector Group","hd":false}],"ip":0,"op":180,"st":0,"bm":0},{"ddd":0,"ind":23,"ty":4,"nm":"Cross_1 Outlines","sr":1,"ks":{"o":{"a":1,"k":[{"i":{"x":[0.667],"y":[1]},"o":{"x":[0],"y":[0]},"t":0,"s":[0]},{"i":{"x":[0.833],"y":[1]},"o":{"x":[0.333],"y":[0]},"t":153,"s":[50]},{"t":179,"s":[2]}],"ix":11},"r":{"a":0,"k":0,"ix":10},"p":{"a":1,"k":[{"i":{"x":0,"y":1},"o":{"x":0,"y":0},"t":0,"s":[611.526,534.635,0],"to":[-66.657,-21,0],"ti":[30.657,45,0]},{"t":153,"s":[367.582,492.635,0]}],"ix":2,"l":2},"a":{"a":0,"k":[14.245,14.244,0],"ix":1,"l":2},"s":{"a":1,"k":[{"i":{"x":[0,0,0.667],"y":[1,1,1]},"o":{"x":[0,0,0.333],"y":[0,0,0]},"t":0,"s":[50,50,100]},{"t":153,"s":[100,100,100]}],"ix":6,"l":2}},"ao":0,"shapes":[{"ty":"gr","it":[{"ind":0,"ty":"sh","ix":1,"ks":{"a":0,"k":{"i":[[1.555,0],[0,0],[0,0],[0.51,0.51],[0.777,0],[0,0],[0,-1.555],[0,0],[0,0],[0,-1.555],[0,0],[-1.555,0],[0,0],[0,0],[-1.554,0],[0,0],[0,1.555],[0,0],[0,0],[-0.509,0.509],[0,0.778],[0,0]],"o":[[0,0],[0,0],[0,-0.777],[-0.509,-0.509],[0,0],[-1.554,0],[0,0],[0,0],[-1.555,0],[0,0],[0,1.555],[0,0],[0,0],[0,1.555],[0,0],[1.555,0],[0,0],[0,0],[0.777,0],[0.51,-0.51],[0,0],[0,-1.555]],"v":[[11.18,-5.952],[5.952,-5.952],[5.952,-11.18],[5.127,-13.171],[3.137,-13.995],[-3.137,-13.995],[-5.952,-11.18],[-5.952,-5.952],[-11.179,-5.952],[-13.995,-3.137],[-13.995,3.136],[-11.179,5.951],[-5.952,5.951],[-5.952,11.18],[-3.137,13.995],[3.137,13.995],[5.952,11.18],[5.952,5.951],[11.18,5.951],[13.17,5.128],[13.995,3.136],[13.995,-3.137]],"c":true},"ix":2},"nm":"Path 1","mn":"ADBE Vector Shape - Group","hd":false},{"ty":"fl","c":{"a":0,"k":[0.921568627451,0.988235294118,0.952941176471,1],"ix":4},"o":{"a":0,"k":100,"ix":5},"r":1,"bm":0,"nm":"Fill 1","mn":"ADBE Vector Graphic - Fill","hd":false},{"ty":"tr","p":{"a":0,"k":[14.245,14.245],"ix":2},"a":{"a":0,"k":[0,0],"ix":1},"s":{"a":0,"k":[100,100],"ix":3},"r":{"a":0,"k":0,"ix":6},"o":{"a":0,"k":100,"ix":7},"sk":{"a":0,"k":0,"ix":4},"sa":{"a":0,"k":0,"ix":5},"nm":"Transform"}],"nm":"Group 1","np":2,"cix":2,"bm":0,"ix":1,"mn":"ADBE Vector Group","hd":false}],"ip":0,"op":180,"st":0,"bm":0},{"ddd":0,"ind":24,"ty":4,"nm":"Circle_1 Outlines","sr":1,"ks":{"o":{"a":1,"k":[{"i":{"x":[0.667],"y":[1]},"o":{"x":[0],"y":[0]},"t":0,"s":[0]},{"i":{"x":[0.833],"y":[1]},"o":{"x":[0.333],"y":[0]},"t":153,"s":[50]},{"t":179,"s":[2]}],"ix":11},"r":{"a":0,"k":0,"ix":10},"p":{"a":1,"k":[{"i":{"x":0,"y":1},"o":{"x":0,"y":0},"t":0,"s":[780.911,1015.694,0],"to":[3.333,21.719,0],"ti":[-45.333,-41.719,0]},{"t":153,"s":[800.911,1146.007,0]}],"ix":2,"l":2},"a":{"a":0,"k":[37.771,37.771,0],"ix":1,"l":2},"s":{"a":1,"k":[{"i":{"x":[0,0,0.667],"y":[1,1,1]},"o":{"x":[0,0,0.333],"y":[0,0,0]},"t":0,"s":[50,50,100]},{"t":153,"s":[100,100,100]}],"ix":6,"l":2}},"ao":0,"shapes":[{"ty":"gr","it":[{"ind":0,"ty":"sh","ix":1,"ks":{"a":0,"k":{"i":[[0,9.814],[9.815,0],[0,-9.814],[-9.815,0]],"o":[[0,-9.814],[-9.815,0],[0,9.814],[9.815,0]],"v":[[17.771,0],[0,-17.771],[-17.771,0],[0,17.771]],"c":true},"ix":2},"nm":"Path 1","mn":"ADBE Vector Shape - Group","hd":false},{"ty":"st","c":{"a":0,"k":[0.921568627451,0.988235294118,0.952941176471,1],"ix":3},"o":{"a":0,"k":100,"ix":4},"w":{"a":0,"k":8,"ix":5},"lc":1,"lj":1,"ml":10,"bm":0,"nm":"Stroke 1","mn":"ADBE Vector Graphic - Stroke","hd":false},{"ty":"tr","p":{"a":0,"k":[37.771,37.771],"ix":2},"a":{"a":0,"k":[0,0],"ix":1},"s":{"a":0,"k":[100,100],"ix":3},"r":{"a":0,"k":0,"ix":6},"o":{"a":0,"k":100,"ix":7},"sk":{"a":0,"k":0,"ix":4},"sa":{"a":0,"k":0,"ix":5},"nm":"Transform"}],"nm":"Group 1","np":2,"cix":2,"bm":0,"ix":1,"mn":"ADBE Vector Group","hd":false}],"ip":0,"op":180,"st":0,"bm":0},{"ddd":0,"ind":25,"ty":4,"nm":"Circle_2 Outlines","sr":1,"ks":{"o":{"a":1,"k":[{"i":{"x":[0.667],"y":[1]},"o":{"x":[0.333],"y":[0]},"t":0,"s":[0]},{"i":{"x":[0.833],"y":[1]},"o":{"x":[0.333],"y":[0]},"t":153,"s":[50]},{"t":179,"s":[2]}],"ix":11},"r":{"a":0,"k":0,"ix":10},"p":{"a":1,"k":[{"i":{"x":0,"y":1},"o":{"x":0,"y":0},"t":0,"s":[551.347,467.188,0],"to":[-94.149,-1.333,0],"ti":[78.149,-4.667,0]},{"t":153,"s":[346.45,351.188,0]}],"ix":2,"l":2},"a":{"a":0,"k":[32.804,32.805,0],"ix":1,"l":2},"s":{"a":1,"k":[{"i":{"x":[0,0,0.667],"y":[1,1,1]},"o":{"x":[0.333,0.333,0.333],"y":[0,0,0]},"t":0,"s":[50,50,100]},{"t":153,"s":[100,100,100]}],"ix":6,"l":2}},"ao":0,"shapes":[{"ty":"gr","it":[{"ind":0,"ty":"sh","ix":1,"ks":{"a":0,"k":{"i":[[0,7.072],[7.072,0],[0,-7.072],[-7.071,0]],"o":[[0,-7.072],[-7.071,0],[0,7.072],[7.072,0]],"v":[[12.805,0],[-0.001,-12.805],[-12.805,0],[-0.001,12.805]],"c":true},"ix":2},"nm":"Path 1","mn":"ADBE Vector Shape - Group","hd":false},{"ty":"st","c":{"a":0,"k":[0.921568627451,0.988235294118,0.952941176471,1],"ix":3},"o":{"a":0,"k":100,"ix":4},"w":{"a":0,"k":8,"ix":5},"lc":1,"lj":1,"ml":10,"bm":0,"nm":"Stroke 1","mn":"ADBE Vector Graphic - Stroke","hd":false},{"ty":"tr","p":{"a":0,"k":[32.804,32.805],"ix":2},"a":{"a":0,"k":[0,0],"ix":1},"s":{"a":0,"k":[100,100],"ix":3},"r":{"a":0,"k":0,"ix":6},"o":{"a":0,"k":100,"ix":7},"sk":{"a":0,"k":0,"ix":4},"sa":{"a":0,"k":0,"ix":5},"nm":"Transform"}],"nm":"Group 1","np":2,"cix":2,"bm":0,"ix":1,"mn":"ADBE Vector Group","hd":false}],"ip":0,"op":180,"st":0,"bm":0},{"ddd":0,"ind":26,"ty":4,"nm":"Circle_3 Outlines","sr":1,"ks":{"o":{"a":1,"k":[{"i":{"x":[0.667],"y":[1]},"o":{"x":[0.333],"y":[0]},"t":0,"s":[0]},{"i":{"x":[0.833],"y":[1]},"o":{"x":[0.333],"y":[0]},"t":153,"s":[50]},{"t":179,"s":[2]}],"ix":11},"r":{"a":0,"k":0,"ix":10},"p":{"a":1,"k":[{"i":{"x":0,"y":1},"o":{"x":0,"y":0},"t":0,"s":[890.182,490.011,0],"to":[121.301,-6.898,0],"ti":[20.699,62.898,0]},{"t":153,"s":[1041.989,260.564,0]}],"ix":2,"l":2},"a":{"a":0,"k":[45.61,45.609,0],"ix":1,"l":2},"s":{"a":1,"k":[{"i":{"x":[0,0,0.667],"y":[1,1,1]},"o":{"x":[0.333,0.333,0.333],"y":[0,0,0]},"t":0,"s":[50,50,100]},{"t":153,"s":[100,100,100]}],"ix":6,"l":2}},"ao":0,"shapes":[{"ty":"gr","it":[{"ind":0,"ty":"sh","ix":1,"ks":{"a":0,"k":{"i":[[0,14.144],[14.143,0],[0,-14.144],[-14.144,0]],"o":[[0,-14.144],[-14.144,0],[0,14.144],[14.143,0]],"v":[[25.61,0],[0.001,-25.609],[-25.61,0],[0.001,25.609]],"c":true},"ix":2},"nm":"Path 1","mn":"ADBE Vector Shape - Group","hd":false},{"ty":"st","c":{"a":0,"k":[0.921568627451,0.988235294118,0.952941176471,1],"ix":3},"o":{"a":0,"k":100,"ix":4},"w":{"a":0,"k":8,"ix":5},"lc":1,"lj":1,"ml":10,"bm":0,"nm":"Stroke 1","mn":"ADBE Vector Graphic - Stroke","hd":false},{"ty":"tr","p":{"a":0,"k":[45.609,45.609],"ix":2},"a":{"a":0,"k":[0,0],"ix":1},"s":{"a":0,"k":[100,100],"ix":3},"r":{"a":0,"k":0,"ix":6},"o":{"a":0,"k":100,"ix":7},"sk":{"a":0,"k":0,"ix":4},"sa":{"a":0,"k":0,"ix":5},"nm":"Transform"}],"nm":"Group 1","np":2,"cix":2,"bm":0,"ix":1,"mn":"ADBE Vector Group","hd":false}],"ip":0,"op":180,"st":0,"bm":0},{"ddd":0,"ind":27,"ty":4,"nm":"Circle_4 Outlines","sr":1,"ks":{"o":{"a":1,"k":[{"i":{"x":[0.667],"y":[1]},"o":{"x":[0.333],"y":[0]},"t":0,"s":[0]},{"i":{"x":[0.833],"y":[1]},"o":{"x":[0.333],"y":[0]},"t":153,"s":[50]},{"t":179,"s":[2]}],"ix":11},"r":{"a":0,"k":0,"ix":10},"p":{"a":1,"k":[{"i":{"x":0,"y":1},"o":{"x":0,"y":0},"t":0,"s":[605.599,612.076,0],"to":[-81.326,-54.333,0],"ti":[45.326,8.333,0]},{"t":153,"s":[333.645,562.076,0]}],"ix":2,"l":2},"a":{"a":0,"k":[45.609,45.609,0],"ix":1,"l":2},"s":{"a":1,"k":[{"i":{"x":[0,0,0.667],"y":[1,1,1]},"o":{"x":[0.333,0.333,0.333],"y":[0,0,0]},"t":0,"s":[50,50,100]},{"t":153,"s":[100,100,100]}],"ix":6,"l":2}},"ao":0,"shapes":[{"ty":"gr","it":[{"ind":0,"ty":"sh","ix":1,"ks":{"a":0,"k":{"i":[[0,14.144],[14.143,0],[0,-14.144],[-14.144,0]],"o":[[0,-14.144],[-14.144,0],[0,14.144],[14.143,0]],"v":[[25.609,0],[0.001,-25.609],[-25.609,0],[0.001,25.609]],"c":true},"ix":2},"nm":"Path 1","mn":"ADBE Vector Shape - Group","hd":false},{"ty":"st","c":{"a":0,"k":[0.922000002394,0.987999949736,0.954611804439,1],"ix":3},"o":{"a":0,"k":100,"ix":4},"w":{"a":0,"k":8,"ix":5},"lc":1,"lj":1,"ml":10,"bm":0,"nm":"Stroke 1","mn":"ADBE Vector Graphic - Stroke","hd":false},{"ty":"tr","p":{"a":0,"k":[45.609,45.609],"ix":2},"a":{"a":0,"k":[0,0],"ix":1},"s":{"a":0,"k":[100,100],"ix":3},"r":{"a":0,"k":0,"ix":6},"o":{"a":0,"k":100,"ix":7},"sk":{"a":0,"k":0,"ix":4},"sa":{"a":0,"k":0,"ix":5},"nm":"Transform"}],"nm":"Group 1","np":2,"cix":2,"bm":0,"ix":1,"mn":"ADBE Vector Group","hd":false}],"ip":0,"op":180,"st":0,"bm":0},{"ddd":0,"ind":28,"ty":4,"nm":"Cross_2 Outlines","sr":1,"ks":{"o":{"a":1,"k":[{"i":{"x":[0.667],"y":[1]},"o":{"x":[0.333],"y":[0]},"t":0,"s":[0]},{"i":{"x":[0.833],"y":[1]},"o":{"x":[0.333],"y":[0]},"t":153,"s":[50]},{"t":179,"s":[2]}],"ix":11},"r":{"a":0,"k":0,"ix":10},"p":{"a":1,"k":[{"i":{"x":0,"y":1},"o":{"x":0,"y":0},"t":0,"s":[869.236,860.919,0],"to":[27.196,40.333,0],"ti":[-51.196,-48.333,0]},{"t":153,"s":[852.41,1078.919,0]}],"ix":2,"l":2},"a":{"a":0,"k":[14.244,14.244,0],"ix":1,"l":2},"s":{"a":1,"k":[{"i":{"x":[0,0,0.667],"y":[1,1,1]},"o":{"x":[0.333,0.333,0.333],"y":[0,0,0]},"t":0,"s":[50,50,100]},{"t":153,"s":[100,100,100]}],"ix":6,"l":2}},"ao":0,"shapes":[{"ty":"gr","it":[{"ind":0,"ty":"sh","ix":1,"ks":{"a":0,"k":{"i":[[1.555,0],[0,0],[0,0],[0.509,0.509],[0.777,0],[0,0],[0,-1.554],[0,0],[0,0],[0,-1.554],[0,0],[-1.555,0],[0,0],[0,0],[-1.555,0],[0,0],[0,1.555],[0,0],[0,0],[-0.511,0.51],[0,0.777],[0,0]],"o":[[0,0],[0,0],[0,-0.777],[-0.51,-0.51],[0,0],[-1.555,0],[0,0],[0,0],[-1.555,0],[0,0],[0,1.555],[0,0],[0,0],[0,1.555],[0,0],[1.555,0],[0,0],[0,0],[0.777,0],[0.509,-0.509],[0,0],[0,-1.554]],"v":[[11.18,-5.952],[5.951,-5.952],[5.951,-11.18],[5.128,-13.169],[3.137,-13.995],[-3.136,-13.995],[-5.951,-11.18],[-5.951,-5.952],[-11.179,-5.952],[-13.994,-3.137],[-13.994,3.138],[-11.179,5.953],[-5.951,5.953],[-5.951,11.181],[-3.136,13.995],[3.137,13.995],[5.951,11.181],[5.951,5.953],[11.18,5.953],[13.171,5.128],[13.994,3.138],[13.994,-3.137]],"c":true},"ix":2},"nm":"Path 1","mn":"ADBE Vector Shape - Group","hd":false},{"ty":"fl","c":{"a":0,"k":[0.921568627451,0.988235294118,0.952941176471,1],"ix":4},"o":{"a":0,"k":100,"ix":5},"r":1,"bm":0,"nm":"Fill 1","mn":"ADBE Vector Graphic - Fill","hd":false},{"ty":"tr","p":{"a":0,"k":[14.244,14.244],"ix":2},"a":{"a":0,"k":[0,0],"ix":1},"s":{"a":0,"k":[100,100],"ix":3},"r":{"a":0,"k":0,"ix":6},"o":{"a":0,"k":100,"ix":7},"sk":{"a":0,"k":0,"ix":4},"sa":{"a":0,"k":0,"ix":5},"nm":"Transform"}],"nm":"Group 1","np":2,"cix":2,"bm":0,"ix":1,"mn":"ADBE Vector Group","hd":false}],"ip":0,"op":180,"st":0,"bm":0},{"ddd":0,"ind":29,"ty":4,"nm":"Sphere_2 Outlines","sr":1,"ks":{"o":{"a":1,"k":[{"i":{"x":[0.667],"y":[1]},"o":{"x":[0.333],"y":[0]},"t":0,"s":[0]},{"i":{"x":[0.833],"y":[1]},"o":{"x":[0.333],"y":[0]},"t":153,"s":[50]},{"t":179,"s":[2]}],"ix":11},"r":{"a":0,"k":0,"ix":10},"p":{"a":1,"k":[{"i":{"x":0,"y":1},"o":{"x":0,"y":0},"t":0,"s":[778.923,646.782,0],"to":[-17.317,-106.024,0],"ti":[7.317,66.024,0]},{"t":153,"s":[639.021,478.641,0]}],"ix":2,"l":2},"a":{"a":0,"k":[10.033,10.032,0],"ix":1,"l":2},"s":{"a":1,"k":[{"i":{"x":[0,0,0.667],"y":[1,1,1]},"o":{"x":[0.333,0.333,0.333],"y":[0,0,0]},"t":0,"s":[50,50,100]},{"t":153,"s":[100,100,100]}],"ix":6,"l":2}},"ao":0,"shapes":[{"ty":"gr","it":[{"ind":0,"ty":"sh","ix":1,"ks":{"a":0,"k":{"i":[[0,5.403],[5.403,0],[0,-5.403],[-5.403,0]],"o":[[0,-5.403],[-5.403,0],[0,5.403],[5.403,0]],"v":[[9.783,0],[-0.001,-9.782],[-9.783,0],[-0.001,9.782]],"c":true},"ix":2},"nm":"Path 1","mn":"ADBE Vector Shape - Group","hd":false},{"ty":"fl","c":{"a":0,"k":[0.921568627451,0.988235294118,0.952941176471,1],"ix":4},"o":{"a":0,"k":100,"ix":5},"r":1,"bm":0,"nm":"Fill 1","mn":"ADBE Vector Graphic - Fill","hd":false},{"ty":"tr","p":{"a":0,"k":[10.032,10.032],"ix":2},"a":{"a":0,"k":[0,0],"ix":1},"s":{"a":0,"k":[100,100],"ix":3},"r":{"a":0,"k":0,"ix":6},"o":{"a":0,"k":100,"ix":7},"sk":{"a":0,"k":0,"ix":4},"sa":{"a":0,"k":0,"ix":5},"nm":"Transform"}],"nm":"Group 1","np":2,"cix":2,"bm":0,"ix":1,"mn":"ADBE Vector Group","hd":false}],"ip":0,"op":180,"st":0,"bm":0},{"ddd":0,"ind":30,"ty":4,"nm":"BG_MAIN Outlines","sr":1,"ks":{"o":{"a":0,"k":100,"ix":11},"r":{"a":0,"k":0,"ix":10},"p":{"a":0,"k":[723.857,738.717,0],"ix":2,"l":2},"a":{"a":0,"k":[497.662,497.662,0],"ix":1,"l":2},"s":{"a":0,"k":[100,100,100],"ix":6,"l":2}},"ao":0,"shapes":[{"ty":"gr","it":[{"ind":0,"ty":"sh","ix":1,"ks":{"a":0,"k":{"i":[[0,-82.762],[274.719,0],[15.996,1.558],[2.272,0.254],[38.866,14.946],[11.153,5.283],[28.199,21.797],[2.883,2.341],[0,156.286],[-274.708,0],[-85.183,-68.369],[-32.061,-61.576]],"o":[[0,274.708],[-16.4,0],[-2.284,-0.219],[-42.88,-4.74],[-11.579,-4.452],[-32.534,-15.396],[-2.941,-2.273],[-112.713,-91.17],[0,-274.719],[117.73,0],[53.71,43.099],[35.765,68.645]],"v":[[497.412,0],[0,497.412],[-48.612,495.059],[-55.463,494.344],[-178.429,464.451],[-212.545,449.837],[-303.875,393.822],[-312.617,386.902],[-497.412,0],[0,-497.412],[311.094,-388.147],[441.441,-229.44]],"c":true},"ix":2},"nm":"Path 1","mn":"ADBE Vector Shape - Group","hd":false},{"ty":"fl","c":{"a":0,"k":[0.114125330308,0.709803921569,0.590668203316,1],"ix":4},"o":{"a":0,"k":100,"ix":5},"r":1,"bm":0,"nm":"Fill 1","mn":"ADBE Vector Graphic - Fill","hd":false},{"ty":"tr","p":{"a":0,"k":[497.662,497.662],"ix":2},"a":{"a":0,"k":[0,0],"ix":1},"s":{"a":0,"k":[100,100],"ix":3},"r":{"a":0,"k":0,"ix":6},"o":{"a":0,"k":100,"ix":7},"sk":{"a":0,"k":0,"ix":4},"sa":{"a":0,"k":0,"ix":5},"nm":"Transform"}],"nm":"Group 1","np":2,"cix":2,"bm":0,"ix":1,"mn":"ADBE Vector Group","hd":false}],"ip":0,"op":180,"st":0,"bm":0}],"markers":[]}